{"in_reply_to_status_id_str":null,"in_reply_to_status_id":null,"coordinates":null,"created_at":"Wed Feb 01 05:39:43 +0000 2017","truncated":false,"in_reply_to_user_id_str":null,"source":"<a href=\"http://www.hootsuite.com\" rel=\"nofollow\">Hootsuite<\/a>","retweeted_status":{"possibly_sensitive_appealable":false,"in_reply_to_status_id_str":null,"in_reply_to_status_id":null,"created_at":"Wed Feb 01 00:39:24 +0000 2017","in_reply_to_user_id_str":null,"source":"<a href=\"http://twitter.com/download/iphone\" rel=\"nofollow\">Twitter for iPhone<\/a>","retweet_count":10,"retweeted":false,"geo":null,"in_reply_to_screen_name":null,"is_quote_status":false,"id_str":"826590741958889472","in_reply_to_user_id":null,"favorite_count":15,"id":826590741958889472,"text":"National Signing Day! Best of Luck at the next level! #proud @Dylan_Johnson80 @rjclayborn @ayrton2681\u2026 https://t.co/EkOvaiT0uN","place":null,"lang":"en","favorited":false,"possibly_sensitive":false,"coordinates":null,"truncated":true,"entities":{"urls":[{"display_url":"twitter.com/i/web/status/8\u2026","indices":[103,126],"expanded_url":"https://twitter.com/i/web/status/826590741958889472","url":"https://t.co/EkOvaiT0uN"}],"hashtags":[{"indices":[54,60],"text":"proud"}],"user_mentions":[{"indices":[61,77],"screen_name":"Dylan_Johnson80","id_str":"584276220","name":"Dylan Johnson","id":584276220},{"indices":[78,89],"screen_name":"rjclayborn","id_str":"742526176057380864","name":"Rj","id":742526176057380864},{"indices":[90,101],"screen_name":"ayrton2681","id_str":"2553064658","name":"Ayrton Payne2\u20e3","id":2553064658}],"symbols":[]},"contributors":null,"user":{"utc_offset":-25200,"friends_count":397,"profile_image_url_https":"https://pbs.twimg.com/profile_images/429471715110825984/g-gtEbsT_normal.jpeg","listed_count":0,"profile_background_image_url":"http://abs.twimg.com/images/themes/theme1/bg.png","default_profile_image":false,"favourites_count":1095,"description":"Mom of St Pius 1st Team All- State Defensive Back, Ole Miss Rebel and mom of an Aggie Alum 16'","created_at":"Sun Apr 19 03:04:25 +0000 2009","is_translator":false,"profile_background_image_url_https":"https://abs.twimg.com/images/themes/theme1/bg.png","protected":false,"screen_name":"jennlester","id_str":"33108993","profile_link_color":"1DA1F2","is_translation_enabled":false,"translator_type":"none","id":33108993,"geo_enabled":false,"profile_background_color":"C0DEED","lang":"en","has_extended_profile":false,"profile_sidebar_border_color":"C0DEED","profile_text_color":"333333","verified":false,"profile_image_url":"http://pbs.twimg.com/profile_images/429471715110825984/g-gtEbsT_normal.jpeg","time_zone":"Mountain Time (US & Canada)","url":null,"contributors_enabled":false,"profile_background_tile":false,"profile_banner_url":"https://pbs.twimg.com/profile_banners/33108993/1427081366","entities":{"description":{"urls":[]}},"statuses_count":2729,"follow_request_sent":false,"followers_count":172,"profile_use_background_image":true,"default_profile":true,"following":false,"name":"jennifer lester","location":"","profile_sidebar_fill_color":"DDEEF6","notifications":false}},"retweet_count":10,"retweeted":false,"geo":null,"in_reply_to_screen_name":null,"is_quote_status":false,"entities":{"urls":[],"hashtags":[{"indices":[70,76],"text":"proud"}],"user_mentions":[{"indices":[3,14],"screen_name":"jennlester","id_str":"33108993","name":"jennifer lester","id":33108993},{"indices":[77,93],"screen_name":"Dylan_Johnson80","id_str":"584276220","name":"Dylan Johnson","id":584276220},{"indices":[94,105],"screen_name":"rjclayborn","id_str":"742526176057380864","name":"Rj","id":742526176057380864},{"indices":[106,117],"screen_name":"ayrton2681","id_str":"2553064658","name":"Ayrton Payne2\u20e3","id":2553064658},{"indices":[118,132],"screen_name":"carter4allday","id_str":"3321052121","name":"Perry Carter II","id":3321052121}],"symbols":[]},"id_str":"826666315654000640","in_reply_to_user_id":null,"favorite_count":0,"id":826666315654000640,"text":"RT @jennlester: National Signing Day! Best of Luck at the next level! #proud @Dylan_Johnson80 @rjclayborn @ayrton2681 @carter4allday @jw_fl\u2026","place":null,"contributors":null,"lang":"en","user":{"utc_offset":-21600,"friends_count":830,"profile_image_url_https":"https://pbs.twimg.com/profile_images/750184527146852352/a-GUE4Ob_normal.jpg","listed_count":2417,"profile_background_image_url":"http://pbs.twimg.com/profile_background_images/378800000119618470/a2dc82853a2fa9a4db69d05b863fca0b.jpeg","default_profile_image":false,"favourites_count":4872,"description":"ABC13 is Houston's news leader. Your number one source for breaking news 24 hours a day/7 days a week.","created_at":"Thu Sep 11 20:45:55 +0000 2008","is_translator":false,"profile_background_image_url_https":"https://pbs.twimg.com/profile_background_images/378800000119618470/a2dc82853a2fa9a4db69d05b863fca0b.jpeg","protected":false,"screen_name":"abc13houston","id_str":"16247383","profile_link_color":"0000FF","is_translation_enabled":false,"translator_type":"none","id":16247383,"geo_enabled":true,"profile_background_color":"000853","lang":"en","has_extended_profile":false,"profile_sidebar_border_color":"FFFFFF","profile_text_color":"000000","verified":true,"profile_image_url":"http://pbs.twimg.com/profile_images/750184527146852352/a-GUE4Ob_normal.jpg","time_zone":"Central Time (US & Canada)","url":"https://t.co/wRZIqah7T5","contributors_enabled":false,"profile_background_tile":false,"profile_banner_url":"https://pbs.twimg.com/profile_banners/16247383/1483842851","entities":{"description":{"urls":[]},"url":{"urls":[{"display_url":"abc13.com","indices":[0,23],"expanded_url":"http://www.abc13.com","url":"https://t.co/wRZIqah7T5"}]}},"statuses_count":176574,"follow_request_sent":false,"followers_count":501295,"profile_use_background_image":true,"default_profile":false,"following":true,"name":"ABC13 Houston","location":"Houston, TX","profile_sidebar_fill_color":"E0E0E0","notifications":false},"favorited":false}