{"possibly_sensitive_appealable":false,"extended_entities":{"media":[{"display_url":"pic.twitter.com/3mqPbS4kAk","source_user_id":2533855723,"type":"photo","media_url":"http://pbs.twimg.com/media/C3jc6d6UoAA6QHC.jpg","source_status_id":826653435600703488,"url":"https://t.co/3mqPbS4kAk","indices":[112,135],"sizes":{"small":{"w":680,"h":510,"resize":"fit"},"large":{"w":2048,"h":1536,"resize":"fit"},"thumb":{"w":150,"h":150,"resize":"crop"},"medium":{"w":1200,"h":900,"resize":"fit"}},"id_str":"826653428642258944","expanded_url":"https://twitter.com/13PhotogSuggs/status/826653435600703488/photo/1","source_status_id_str":"826653435600703488","media_url_https":"https://pbs.twimg.com/media/C3jc6d6UoAA6QHC.jpg","id":826653428642258944,"source_user_id_str":"2533855723"}]},"in_reply_to_status_id_str":null,"in_reply_to_status_id":null,"created_at":"Wed Feb 01 06:01:50 +0000 2017","in_reply_to_user_id_str":null,"source":"<a href=\"http://www.hootsuite.com\" rel=\"nofollow\">Hootsuite<\/a>","retweeted_status":{"possibly_sensitive_appealable":false,"extended_entities":{"media":[{"display_url":"pic.twitter.com/3mqPbS4kAk","indices":[93,116],"sizes":{"small":{"w":680,"h":510,"resize":"fit"},"large":{"w":2048,"h":1536,"resize":"fit"},"thumb":{"w":150,"h":150,"resize":"crop"},"medium":{"w":1200,"h":900,"resize":"fit"}},"id_str":"826653428642258944","expanded_url":"https://twitter.com/13PhotogSuggs/status/826653435600703488/photo/1","media_url_https":"https://pbs.twimg.com/media/C3jc6d6UoAA6QHC.jpg","id":826653428642258944,"type":"photo","media_url":"http://pbs.twimg.com/media/C3jc6d6UoAA6QHC.jpg","url":"https://t.co/3mqPbS4kAk"}]},"in_reply_to_status_id_str":null,"in_reply_to_status_id":null,"created_at":"Wed Feb 01 04:48:32 +0000 2017","in_reply_to_user_id_str":null,"source":"<a href=\"http://twitter.com/download/iphone\" rel=\"nofollow\">Twitter for iPhone<\/a>","retweet_count":4,"retweeted":false,"geo":null,"in_reply_to_screen_name":null,"is_quote_status":false,"id_str":"826653435600703488","in_reply_to_user_id":null,"favorite_count":2,"id":826653435600703488,"text":"A man is dead and another is in the hospital after a shooting on Wild Indigo #ABC13 #hounews https://t.co/3mqPbS4kAk","place":null,"lang":"en","favorited":false,"possibly_sensitive":false,"coordinates":null,"truncated":false,"entities":{"urls":[],"hashtags":[{"indices":[77,83],"text":"ABC13"},{"indices":[84,92],"text":"hounews"}],"media":[{"display_url":"pic.twitter.com/3mqPbS4kAk","indices":[93,116],"sizes":{"small":{"w":680,"h":510,"resize":"fit"},"large":{"w":2048,"h":1536,"resize":"fit"},"thumb":{"w":150,"h":150,"resize":"crop"},"medium":{"w":1200,"h":900,"resize":"fit"}},"id_str":"826653428642258944","expanded_url":"https://twitter.com/13PhotogSuggs/status/826653435600703488/photo/1","media_url_https":"https://pbs.twimg.com/media/C3jc6d6UoAA6QHC.jpg","id":826653428642258944,"type":"photo","media_url":"http://pbs.twimg.com/media/C3jc6d6UoAA6QHC.jpg","url":"https://t.co/3mqPbS4kAk"}],"user_mentions":[],"symbols":[]},"contributors":null,"user":{"utc_offset":-18000,"friends_count":47,"profile_image_url_https":"https://pbs.twimg.com/profile_images/485978414260559872/adzhnzi3_normal.jpeg","listed_count":20,"profile_background_image_url":"http://abs.twimg.com/images/themes/theme1/bg.png","default_profile_image":false,"favourites_count":74,"description":"Newsphotographer at 13 Eyewitness News","created_at":"Fri May 30 01:42:22 +0000 2014","is_translator":false,"profile_background_image_url_https":"https://abs.twimg.com/images/themes/theme1/bg.png","protected":false,"screen_name":"13PhotogSuggs","id_str":"2533855723","profile_link_color":"0084B4","is_translation_enabled":false,"translator_type":"none","id":2533855723,"geo_enabled":false,"profile_background_color":"C0DEED","lang":"en","has_extended_profile":false,"profile_sidebar_border_color":"C0DEED","profile_text_color":"333333","verified":false,"profile_image_url":"http://pbs.twimg.com/profile_images/485978414260559872/adzhnzi3_normal.jpeg","time_zone":"Eastern Time (US & Canada)","url":"http://t.co/mOsWlxQnT7","contributors_enabled":false,"profile_background_tile":false,"profile_banner_url":"https://pbs.twimg.com/profile_banners/2533855723/1404701445","entities":{"description":{"urls":[]},"url":{"urls":[{"display_url":"abc13.com","indices":[0,22],"expanded_url":"http://abc13.com","url":"http://t.co/mOsWlxQnT7"}]}},"statuses_count":1687,"follow_request_sent":false,"followers_count":607,"profile_use_background_image":true,"default_profile":false,"following":false,"name":"Marvin Suggs","location":"Houston, TX","profile_sidebar_fill_color":"DDEEF6","notifications":false}},"retweet_count":4,"retweeted":false,"geo":null,"in_reply_to_screen_name":null,"is_quote_status":false,"id_str":"826671882145558528","in_reply_to_user_id":null,"favorite_count":0,"id":826671882145558528,"text":"RT @13PhotogSuggs: A man is dead and another is in the hospital after a shooting on Wild Indigo #ABC13 #hounews https://t.co/3mqPbS4kAk","place":null,"lang":"en","favorited":false,"possibly_sensitive":false,"coordinates":null,"truncated":false,"entities":{"urls":[],"hashtags":[{"indices":[96,102],"text":"ABC13"},{"indices":[103,111],"text":"hounews"}],"media":[{"display_url":"pic.twitter.com/3mqPbS4kAk","source_user_id":2533855723,"type":"photo","media_url":"http://pbs.twimg.com/media/C3jc6d6UoAA6QHC.jpg","source_status_id":826653435600703488,"url":"https://t.co/3mqPbS4kAk","indices":[112,135],"sizes":{"small":{"w":680,"h":510,"resize":"fit"},"large":{"w":2048,"h":1536,"resize":"fit"},"thumb":{"w":150,"h":150,"resize":"crop"},"medium":{"w":1200,"h":900,"resize":"fit"}},"id_str":"826653428642258944","expanded_url":"https://twitter.com/13PhotogSuggs/status/826653435600703488/photo/1","source_status_id_str":"826653435600703488","media_url_https":"https://pbs.twimg.com/media/C3jc6d6UoAA6QHC.jpg","id":826653428642258944,"source_user_id_str":"2533855723"}],"user_mentions":[{"indices":[3,17],"screen_name":"13PhotogSuggs","id_str":"2533855723","name":"Marvin Suggs","id":2533855723}],"symbols":[]},"contributors":null,"user":{"utc_offset":-21600,"friends_count":830,"profile_image_url_https":"https://pbs.twimg.com/profile_images/750184527146852352/a-GUE4Ob_normal.jpg","listed_count":2419,"profile_background_image_url":"http://pbs.twimg.com/profile_background_images/378800000119618470/a2dc82853a2fa9a4db69d05b863fca0b.jpeg","default_profile_image":false,"favourites_count":4872,"description":"ABC13 is Houston's news leader. Your number one source for breaking news 24 hours a day/7 days a week.","created_at":"Thu Sep 11 20:45:55 +0000 2008","is_translator":false,"profile_background_image_url_https":"https://pbs.twimg.com/profile_background_images/378800000119618470/a2dc82853a2fa9a4db69d05b863fca0b.jpeg","protected":false,"screen_name":"abc13houston","id_str":"16247383","profile_link_color":"0000FF","is_translation_enabled":false,"translator_type":"none","id":16247383,"geo_enabled":true,"profile_background_color":"000853","lang":"en","has_extended_profile":false,"profile_sidebar_border_color":"FFFFFF","profile_text_color":"000000","verified":true,"profile_image_url":"http://pbs.twimg.com/profile_images/750184527146852352/a-GUE4Ob_normal.jpg","time_zone":"Central Time (US & Canada)","url":"https://t.co/wRZIqah7T5","contributors_enabled":false,"profile_background_tile":false,"profile_banner_url":"https://pbs.twimg.com/profile_banners/16247383/1483842851","entities":{"description":{"urls":[]},"url":{"urls":[{"display_url":"abc13.com","indices":[0,23],"expanded_url":"http://www.abc13.com","url":"https://t.co/wRZIqah7T5"}]}},"statuses_count":176575,"follow_request_sent":false,"followers_count":501293,"profile_use_background_image":true,"default_profile":false,"following":true,"name":"ABC13 Houston","location":"Houston, TX","profile_sidebar_fill_color":"E0E0E0","notifications":false}}