{"possibly_sensitive_appealable":false,"in_reply_to_status_id_str":null,"in_reply_to_status_id":null,"created_at":"Wed Feb 01 05:42:28 +0000 2017","in_reply_to_user_id_str":null,"source":"<a href=\"http://www.socialflow.com\" rel=\"nofollow\">SocialFlow<\/a>","retweet_count":8,"retweeted":false,"geo":null,"in_reply_to_screen_name":null,"is_quote_status":false,"id_str":"826667010021023744","in_reply_to_user_id":null,"favorite_count":2,"id":826667010021023744,"text":"Report: Detroit man said his mom died due to the Iraq travel ban https://t.co/R8PESKe5s8","place":null,"lang":"en","favorited":false,"possibly_sensitive":false,"coordinates":null,"truncated":false,"entities":{"urls":[{"display_url":"trib.al/94nDZ4C","indices":[65,88],"expanded_url":"http://trib.al/94nDZ4C","url":"https://t.co/R8PESKe5s8"}],"hashtags":[],"user_mentions":[],"symbols":[]},"contributors":null,"user":{"utc_offset":-21600,"friends_count":394,"profile_image_url_https":"https://pbs.twimg.com/profile_images/713458133969068032/xVOP_Pk-_normal.jpg","listed_count":4217,"profile_background_image_url":"http://pbs.twimg.com/profile_background_images/759795538/10e9d24cb28a5911d04d562e82ef607c.jpeg","default_profile_image":false,"favourites_count":238,"description":"News headlines and tweets from Houston Chronicle journalists.","created_at":"Mon Sep 17 22:42:49 +0000 2007","is_translator":false,"profile_background_image_url_https":"https://pbs.twimg.com/profile_background_images/759795538/10e9d24cb28a5911d04d562e82ef607c.jpeg","protected":false,"screen_name":"HoustonChron","id_str":"8940342","profile_link_color":"D17F04","is_translation_enabled":false,"translator_type":"none","id":8940342,"geo_enabled":true,"profile_background_color":"CCCCCC","lang":"en","has_extended_profile":false,"profile_sidebar_border_color":"FFFFFF","profile_text_color":"000000","verified":true,"profile_image_url":"http://pbs.twimg.com/profile_images/713458133969068032/xVOP_Pk-_normal.jpg","time_zone":"Central Time (US & Canada)","url":"http://t.co/daqwogD7TI","contributors_enabled":false,"profile_background_tile":true,"profile_banner_url":"https://pbs.twimg.com/profile_banners/8940342/1376602204","entities":{"description":{"urls":[]},"url":{"urls":[{"display_url":"chron.com","indices":[0,22],"expanded_url":"http://www.chron.com","url":"http://t.co/daqwogD7TI"}]}},"statuses_count":139601,"follow_request_sent":false,"followers_count":421697,"profile_use_background_image":true,"default_profile":false,"following":true,"name":"Houston Chronicle","location":"Houston, TX","profile_sidebar_fill_color":"F1F2E2","notifications":false}}