{"possibly_sensitive_appealable":false,"extended_entities":{"media":[{"display_url":"pic.twitter.com/5dQGqKZYOb","indices":[113,136],"sizes":{"small":{"w":340,"h":191,"resize":"fit"},"large":{"w":1024,"h":576,"resize":"fit"},"thumb":{"w":150,"h":150,"resize":"crop"},"medium":{"w":600,"h":338,"resize":"fit"}},"id_str":"826651643844362240","expanded_url":"https://twitter.com/abc13houston/status/826694075529064449/video/1","media_url_https":"https://pbs.twimg.com/amplify_video_thumb/826651643844362240/img/CRz9ndbUameJR8hv.jpg","id":826651643844362240,"type":"video","additional_media_info":{"monetizable":false},"media_url":"http://pbs.twimg.com/amplify_video_thumb/826651643844362240/img/CRz9ndbUameJR8hv.jpg","url":"https://t.co/5dQGqKZYOb","video_info":{"aspect_ratio":[16,9],"duration_millis":5167,"variants":[{"content_type":"application/x-mpegURL","url":"https://video.twimg.com/amplify_video/826651643844362240/pl/7a9Hmwf-ve76l1H3.m3u8"},{"content_type":"application/dash+xml","url":"https://video.twimg.com/amplify_video/826651643844362240/pl/7a9Hmwf-ve76l1H3.mpd"},{"content_type":"video/mp4","bitrate":320000,"url":"https://video.twimg.com/amplify_video/826651643844362240/vid/320x180/pbcqy_hMmaO0MAJ1.mp4"},{"content_type":"video/mp4","bitrate":2176000,"url":"https://video.twimg.com/amplify_video/826651643844362240/vid/1280x720/um2Z6gizBz4XHwe4.mp4"},{"content_type":"video/mp4","bitrate":832000,"url":"https://video.twimg.com/amplify_video/826651643844362240/vid/640x360/ZIuKoXe4BfKRssSX.mp4"}]}}]},"in_reply_to_status_id_str":null,"in_reply_to_status_id":null,"created_at":"Wed Feb 01 07:30:01 +0000 2017","in_reply_to_user_id_str":null,"source":"<a href=\"https://studio.twitter.com\" rel=\"nofollow\">Media Studio<\/a>","retweet_count":3,"retweeted":false,"geo":null,"in_reply_to_screen_name":null,"is_quote_status":false,"id_str":"826694075529064449","in_reply_to_user_id":null,"favorite_count":1,"id":826694075529064449,"text":"EXCLUSIVE: Two men are lucky to be a live after train slammed into their truck in Spring https://t.co/CzYlStsLki https://t.co/5dQGqKZYOb","place":null,"lang":"en","favorited":false,"possibly_sensitive":false,"coordinates":null,"truncated":false,"entities":{"urls":[{"display_url":"abc13.com/1730446","indices":[89,112],"expanded_url":"http://abc13.com/1730446","url":"https://t.co/CzYlStsLki"}],"hashtags":[],"media":[{"display_url":"pic.twitter.com/5dQGqKZYOb","indices":[113,136],"sizes":{"small":{"w":340,"h":191,"resize":"fit"},"large":{"w":1024,"h":576,"resize":"fit"},"thumb":{"w":150,"h":150,"resize":"crop"},"medium":{"w":600,"h":338,"resize":"fit"}},"id_str":"826651643844362240","expanded_url":"https://twitter.com/abc13houston/status/826694075529064449/video/1","media_url_https":"https://pbs.twimg.com/amplify_video_thumb/826651643844362240/img/CRz9ndbUameJR8hv.jpg","id":826651643844362240,"type":"photo","media_url":"http://pbs.twimg.com/amplify_video_thumb/826651643844362240/img/CRz9ndbUameJR8hv.jpg","url":"https://t.co/5dQGqKZYOb"}],"user_mentions":[],"symbols":[]},"contributors":null,"user":{"utc_offset":-21600,"friends_count":830,"profile_image_url_https":"https://pbs.twimg.com/profile_images/750184527146852352/a-GUE4Ob_normal.jpg","listed_count":2419,"profile_background_image_url":"http://pbs.twimg.com/profile_background_images/378800000119618470/a2dc82853a2fa9a4db69d05b863fca0b.jpeg","default_profile_image":false,"favourites_count":4872,"description":"ABC13 is Houston's news leader. Your number one source for breaking news 24 hours a day/7 days a week.","created_at":"Thu Sep 11 20:45:55 +0000 2008","is_translator":false,"profile_background_image_url_https":"https://pbs.twimg.com/profile_background_images/378800000119618470/a2dc82853a2fa9a4db69d05b863fca0b.jpeg","protected":false,"screen_name":"abc13houston","id_str":"16247383","profile_link_color":"0000FF","is_translation_enabled":false,"translator_type":"none","id":16247383,"geo_enabled":true,"profile_background_color":"000853","lang":"en","has_extended_profile":false,"profile_sidebar_border_color":"FFFFFF","profile_text_color":"000000","verified":true,"profile_image_url":"http://pbs.twimg.com/profile_images/750184527146852352/a-GUE4Ob_normal.jpg","time_zone":"Central Time (US & Canada)","url":"https://t.co/wRZIqah7T5","contributors_enabled":false,"profile_background_tile":false,"profile_banner_url":"https://pbs.twimg.com/profile_banners/16247383/1483842851","entities":{"description":{"urls":[]},"url":{"urls":[{"display_url":"abc13.com","indices":[0,23],"expanded_url":"http://www.abc13.com","url":"https://t.co/wRZIqah7T5"}]}},"statuses_count":176575,"follow_request_sent":false,"followers_count":501293,"profile_use_background_image":true,"default_profile":false,"following":true,"name":"ABC13 Houston","location":"Houston, TX","profile_sidebar_fill_color":"E0E0E0","notifications":false}}