{"in_reply_to_status_id_str":null,"in_reply_to_status_id":null,"coordinates":null,"created_at":"Wed Feb 01 06:01:35 +0000 2017","truncated":false,"in_reply_to_user_id_str":null,"source":"<a href=\"http://www.hootsuite.com\" rel=\"nofollow\">Hootsuite<\/a>","retweeted_status":{"possibly_sensitive_appealable":false,"extended_entities":{"media":[{"display_url":"pic.twitter.com/ffGp0uiXxx","indices":[103,126],"sizes":{"small":{"w":340,"h":191,"resize":"fit"},"large":{"w":1024,"h":576,"resize":"fit"},"thumb":{"w":150,"h":150,"resize":"crop"},"medium":{"w":600,"h":338,"resize":"fit"}},"id_str":"826671591400419328","expanded_url":"https://twitter.com/BobSlovak13/status/826671678470103049/video/1","media_url_https":"https://pbs.twimg.com/ext_tw_video_thumb/826671591400419328/pu/img/eSlyM36m78eZFrGE.jpg","id":826671591400419328,"type":"video","additional_media_info":{"monetizable":false},"media_url":"http://pbs.twimg.com/ext_tw_video_thumb/826671591400419328/pu/img/eSlyM36m78eZFrGE.jpg","url":"https://t.co/ffGp0uiXxx","video_info":{"aspect_ratio":[16,9],"duration_millis":27018,"variants":[{"content_type":"video/mp4","bitrate":832000,"url":"https://video.twimg.com/ext_tw_video/826671591400419328/pu/vid/640x360/xoI-o8LOkv_HCHIc.mp4"},{"content_type":"application/dash+xml","url":"https://video.twimg.com/ext_tw_video/826671591400419328/pu/pl/0T9xP6Py7m6tnDpM.mpd"},{"content_type":"video/mp4","bitrate":320000,"url":"https://video.twimg.com/ext_tw_video/826671591400419328/pu/vid/320x180/bM3pG7dYaqmiuyfZ.mp4"},{"content_type":"application/x-mpegURL","url":"https://video.twimg.com/ext_tw_video/826671591400419328/pu/pl/0T9xP6Py7m6tnDpM.m3u8"},{"content_type":"video/mp4","bitrate":2176000,"url":"https://video.twimg.com/ext_tw_video/826671591400419328/pu/vid/1280x720/nS1V-G8RM_nALgBQ.mp4"}]}}]},"in_reply_to_status_id_str":null,"in_reply_to_status_id":null,"created_at":"Wed Feb 01 06:01:01 +0000 2017","in_reply_to_user_id_str":null,"source":"<a href=\"http://twitter.com/download/iphone\" rel=\"nofollow\">Twitter for iPhone<\/a>","retweet_count":3,"retweeted":false,"geo":null,"in_reply_to_screen_name":null,"is_quote_status":false,"id_str":"826671678470103049","in_reply_to_user_id":null,"favorite_count":7,"id":826671678470103049,"text":"Falcons Jake Matthews Elkins HS grad in what its like playing in @HouSuperBowl @abc13houston @ElkinsHS https://t.co/ffGp0uiXxx","place":{"country_code":"US","country":"United States","contained_within":[],"full_name":"Houston, TX","bounding_box":{"coordinates":[[[-95.823268,29.522325],[-95.069705,29.522325],[-95.069705,30.1546646],[-95.823268,30.1546646]]],"type":"Polygon"},"place_type":"city","name":"Houston","attributes":{},"id":"1c69a67ad480e1b1","url":"https://api.twitter.com/1.1/geo/id/1c69a67ad480e1b1.json"},"lang":"en","favorited":false,"possibly_sensitive":false,"coordinates":null,"truncated":false,"entities":{"urls":[],"hashtags":[],"media":[{"display_url":"pic.twitter.com/ffGp0uiXxx","indices":[103,126],"sizes":{"small":{"w":340,"h":191,"resize":"fit"},"large":{"w":1024,"h":576,"resize":"fit"},"thumb":{"w":150,"h":150,"resize":"crop"},"medium":{"w":600,"h":338,"resize":"fit"}},"id_str":"826671591400419328","expanded_url":"https://twitter.com/BobSlovak13/status/826671678470103049/video/1","media_url_https":"https://pbs.twimg.com/ext_tw_video_thumb/826671591400419328/pu/img/eSlyM36m78eZFrGE.jpg","id":826671591400419328,"type":"photo","media_url":"http://pbs.twimg.com/ext_tw_video_thumb/826671591400419328/pu/img/eSlyM36m78eZFrGE.jpg","url":"https://t.co/ffGp0uiXxx"}],"user_mentions":[{"indices":[65,78],"screen_name":"HouSuperBowl","id_str":"1114642723","name":"Houston Super Bowl","id":1114642723},{"indices":[79,92],"screen_name":"abc13houston","id_str":"16247383","name":"ABC13 Houston","id":16247383},{"indices":[93,102],"screen_name":"ElkinsHS","id_str":"735652808","name":"ElkinsKnights","id":735652808}],"symbols":[]},"contributors":null,"user":{"utc_offset":-21600,"friends_count":866,"profile_image_url_https":"https://pbs.twimg.com/profile_images/378800000731934948/1b397514a11cf51aab1f02ecf6e721dd_normal.jpeg","listed_count":102,"profile_background_image_url":"http://pbs.twimg.com/profile_background_images/378800000115455242/a2dc82853a2fa9a4db69d05b863fca0b.jpeg","default_profile_image":false,"favourites_count":1424,"description":"Sports Anchor/Reporter, Dad, Youth Football and Little League Coach","created_at":"Wed Dec 31 03:28:52 +0000 2008","is_translator":false,"profile_background_image_url_https":"https://pbs.twimg.com/profile_background_images/378800000115455242/a2dc82853a2fa9a4db69d05b863fca0b.jpeg","protected":false,"screen_name":"BobSlovak13","id_str":"18497532","profile_link_color":"0084B4","is_translation_enabled":false,"translator_type":"none","id":18497532,"geo_enabled":true,"profile_background_color":"C0DEED","lang":"en","has_extended_profile":true,"profile_sidebar_border_color":"FFFFFF","profile_text_color":"333333","verified":true,"profile_image_url":"http://pbs.twimg.com/profile_images/378800000731934948/1b397514a11cf51aab1f02ecf6e721dd_normal.jpeg","time_zone":"Central Time (US & Canada)","url":"https://t.co/T9aLTKMwen","contributors_enabled":false,"profile_background_tile":false,"profile_banner_url":"https://pbs.twimg.com/profile_banners/18497532/1410749085","entities":{"description":{"urls":[]},"url":{"urls":[{"display_url":"abc13.com","indices":[0,23],"expanded_url":"http://abc13.com","url":"https://t.co/T9aLTKMwen"}]}},"statuses_count":5127,"follow_request_sent":false,"followers_count":4378,"profile_use_background_image":true,"default_profile":false,"following":false,"name":"Bob Slovak","location":"Houston, TX","profile_sidebar_fill_color":"DDEEF6","notifications":false}},"retweet_count":3,"retweeted":false,"geo":null,"in_reply_to_screen_name":null,"is_quote_status":false,"entities":{"urls":[],"hashtags":[],"user_mentions":[{"indices":[3,15],"screen_name":"BobSlovak13","id_str":"18497532","name":"Bob Slovak","id":18497532},{"indices":[82,95],"screen_name":"HouSuperBowl","id_str":"1114642723","name":"Houston Super Bowl","id":1114642723},{"indices":[96,109],"screen_name":"abc13houston","id_str":"16247383","name":"ABC13 Houston","id":16247383},{"indices":[110,119],"screen_name":"ElkinsHS","id_str":"735652808","name":"ElkinsKnights","id":735652808}],"symbols":[]},"id_str":"826671818752847872","in_reply_to_user_id":null,"favorite_count":0,"id":826671818752847872,"text":"RT @BobSlovak13: Falcons Jake Matthews Elkins HS grad in what its like playing in @HouSuperBowl @abc13houston @ElkinsHS https://t.co/ffGp0u\u2026","place":null,"contributors":null,"lang":"en","user":{"utc_offset":-21600,"friends_count":830,"profile_image_url_https":"https://pbs.twimg.com/profile_images/750184527146852352/a-GUE4Ob_normal.jpg","listed_count":2419,"profile_background_image_url":"http://pbs.twimg.com/profile_background_images/378800000119618470/a2dc82853a2fa9a4db69d05b863fca0b.jpeg","default_profile_image":false,"favourites_count":4872,"description":"ABC13 is Houston's news leader. Your number one source for breaking news 24 hours a day/7 days a week.","created_at":"Thu Sep 11 20:45:55 +0000 2008","is_translator":false,"profile_background_image_url_https":"https://pbs.twimg.com/profile_background_images/378800000119618470/a2dc82853a2fa9a4db69d05b863fca0b.jpeg","protected":false,"screen_name":"abc13houston","id_str":"16247383","profile_link_color":"0000FF","is_translation_enabled":false,"translator_type":"none","id":16247383,"geo_enabled":true,"profile_background_color":"000853","lang":"en","has_extended_profile":false,"profile_sidebar_border_color":"FFFFFF","profile_text_color":"000000","verified":true,"profile_image_url":"http://pbs.twimg.com/profile_images/750184527146852352/a-GUE4Ob_normal.jpg","time_zone":"Central Time (US & Canada)","url":"https://t.co/wRZIqah7T5","contributors_enabled":false,"profile_background_tile":false,"profile_banner_url":"https://pbs.twimg.com/profile_banners/16247383/1483842851","entities":{"description":{"urls":[]},"url":{"urls":[{"display_url":"abc13.com","indices":[0,23],"expanded_url":"http://www.abc13.com","url":"https://t.co/wRZIqah7T5"}]}},"statuses_count":176575,"follow_request_sent":false,"followers_count":501293,"profile_use_background_image":true,"default_profile":false,"following":true,"name":"ABC13 Houston","location":"Houston, TX","profile_sidebar_fill_color":"E0E0E0","notifications":false},"favorited":false}