{"possibly_sensitive_appealable":false,"extended_entities":{"media":[{"display_url":"pic.twitter.com/u7IJ0WXKz5","indices":[69,92],"sizes":{"small":{"w":666,"h":458,"resize":"fit"},"large":{"w":666,"h":458,"resize":"fit"},"thumb":{"w":150,"h":150,"resize":"crop"},"medium":{"w":666,"h":458,"resize":"fit"}},"id_str":"826686535764471809","expanded_url":"https://twitter.com/KHOU/status/826686537706381312/photo/1","media_url_https":"https://pbs.twimg.com/media/C3j7BjjW8AE7xfL.jpg","id":826686535764471809,"type":"photo","media_url":"http://pbs.twimg.com/media/C3j7BjjW8AE7xfL.jpg","url":"https://t.co/u7IJ0WXKz5"}]},"in_reply_to_status_id_str":null,"in_reply_to_status_id":null,"created_at":"Wed Feb 01 07:00:04 +0000 2017","in_reply_to_user_id_str":null,"source":"<a href=\"http://trueanthem.com/\" rel=\"nofollow\">trueAnthem<\/a>","retweet_count":0,"retweeted":false,"geo":null,"in_reply_to_screen_name":null,"is_quote_status":false,"id_str":"826686537706381312","in_reply_to_user_id":null,"favorite_count":6,"id":826686537706381312,"text":"Hundreds gather for Texas Muslim Capitol Day https://t.co/wMs4Z9syI8 https://t.co/u7IJ0WXKz5","place":null,"lang":"en","favorited":false,"possibly_sensitive":false,"coordinates":null,"truncated":false,"entities":{"urls":[{"display_url":"on.khou.com/2kqoVyx","indices":[45,68],"expanded_url":"http://on.khou.com/2kqoVyx","url":"https://t.co/wMs4Z9syI8"}],"hashtags":[],"media":[{"display_url":"pic.twitter.com/u7IJ0WXKz5","indices":[69,92],"sizes":{"small":{"w":666,"h":458,"resize":"fit"},"large":{"w":666,"h":458,"resize":"fit"},"thumb":{"w":150,"h":150,"resize":"crop"},"medium":{"w":666,"h":458,"resize":"fit"}},"id_str":"826686535764471809","expanded_url":"https://twitter.com/KHOU/status/826686537706381312/photo/1","media_url_https":"https://pbs.twimg.com/media/C3j7BjjW8AE7xfL.jpg","id":826686535764471809,"type":"photo","media_url":"http://pbs.twimg.com/media/C3j7BjjW8AE7xfL.jpg","url":"https://t.co/u7IJ0WXKz5"}],"user_mentions":[],"symbols":[]},"contributors":null,"user":{"utc_offset":-21600,"friends_count":816,"profile_image_url_https":"https://pbs.twimg.com/profile_images/704777813581234178/KSQTTGiA_normal.jpg","listed_count":2475,"profile_background_image_url":"http://pbs.twimg.com/profile_background_images/293909663/twitter_bg_image_2.png","default_profile_image":false,"favourites_count":789,"description":"CBS TV affiliate and local news station in Houston, Texas. Send breaking news tips to newstips@khou.com.","created_at":"Sat Aug 09 18:33:49 +0000 2008","is_translator":false,"profile_background_image_url_https":"https://pbs.twimg.com/profile_background_images/293909663/twitter_bg_image_2.png","protected":false,"screen_name":"KHOU","id_str":"15791186","profile_link_color":"0065B3","is_translation_enabled":false,"translator_type":"none","id":15791186,"geo_enabled":true,"profile_background_color":"FFFFFF","lang":"en","has_extended_profile":false,"profile_sidebar_border_color":"A5B8DE","profile_text_color":"333333","verified":true,"profile_image_url":"http://pbs.twimg.com/profile_images/704777813581234178/KSQTTGiA_normal.jpg","time_zone":"Central Time (US & Canada)","url":"http://t.co/EOqynjipnF","contributors_enabled":false,"profile_background_tile":false,"profile_banner_url":"https://pbs.twimg.com/profile_banners/15791186/1485030064","entities":{"description":{"urls":[]},"url":{"urls":[{"display_url":"khou.com","indices":[0,22],"expanded_url":"http://www.khou.com","url":"http://t.co/EOqynjipnF"}]}},"statuses_count":213619,"follow_request_sent":false,"followers_count":491709,"profile_use_background_image":true,"default_profile":false,"following":true,"name":"KHOU 11 News Houston","location":"Houston, TX","profile_sidebar_fill_color":"DCEDFA","notifications":false}}