{"possibly_sensitive_appealable":false,"extended_entities":{"media":[{"display_url":"pic.twitter.com/kp2rheW4os","indices":[91,114],"sizes":{"small":{"w":680,"h":439,"resize":"fit"},"large":{"w":860,"h":555,"resize":"fit"},"thumb":{"w":150,"h":150,"resize":"crop"},"medium":{"w":860,"h":555,"resize":"fit"}},"id_str":"826682758168715264","expanded_url":"https://twitter.com/KHOU/status/826682760270065664/photo/1","media_url_https":"https://pbs.twimg.com/media/C3j3lq6WIAANZir.jpg","id":826682758168715264,"type":"photo","media_url":"http://pbs.twimg.com/media/C3j3lq6WIAANZir.jpg","url":"https://t.co/kp2rheW4os"}]},"in_reply_to_status_id_str":null,"in_reply_to_status_id":null,"created_at":"Wed Feb 01 06:45:03 +0000 2017","in_reply_to_user_id_str":null,"source":"<a href=\"http://trueanthem.com/\" rel=\"nofollow\">trueAnthem<\/a>","retweet_count":2,"retweeted":false,"geo":null,"in_reply_to_screen_name":null,"is_quote_status":false,"id_str":"826682760270065664","in_reply_to_user_id":null,"favorite_count":4,"id":826682760270065664,"text":"Motorcycle rider killed in crash with big rig trailer on Fallbrook https://t.co/pr0tLcc0lo https://t.co/kp2rheW4os","place":null,"lang":"en","favorited":false,"possibly_sensitive":false,"coordinates":null,"truncated":false,"entities":{"urls":[{"display_url":"on.khou.com/2kTq0w2","indices":[67,90],"expanded_url":"http://on.khou.com/2kTq0w2","url":"https://t.co/pr0tLcc0lo"}],"hashtags":[],"media":[{"display_url":"pic.twitter.com/kp2rheW4os","indices":[91,114],"sizes":{"small":{"w":680,"h":439,"resize":"fit"},"large":{"w":860,"h":555,"resize":"fit"},"thumb":{"w":150,"h":150,"resize":"crop"},"medium":{"w":860,"h":555,"resize":"fit"}},"id_str":"826682758168715264","expanded_url":"https://twitter.com/KHOU/status/826682760270065664/photo/1","media_url_https":"https://pbs.twimg.com/media/C3j3lq6WIAANZir.jpg","id":826682758168715264,"type":"photo","media_url":"http://pbs.twimg.com/media/C3j3lq6WIAANZir.jpg","url":"https://t.co/kp2rheW4os"}],"user_mentions":[],"symbols":[]},"contributors":null,"user":{"utc_offset":-21600,"friends_count":816,"profile_image_url_https":"https://pbs.twimg.com/profile_images/704777813581234178/KSQTTGiA_normal.jpg","listed_count":2475,"profile_background_image_url":"http://pbs.twimg.com/profile_background_images/293909663/twitter_bg_image_2.png","default_profile_image":false,"favourites_count":789,"description":"CBS TV affiliate and local news station in Houston, Texas. Send breaking news tips to newstips@khou.com.","created_at":"Sat Aug 09 18:33:49 +0000 2008","is_translator":false,"profile_background_image_url_https":"https://pbs.twimg.com/profile_background_images/293909663/twitter_bg_image_2.png","protected":false,"screen_name":"KHOU","id_str":"15791186","profile_link_color":"0065B3","is_translation_enabled":false,"translator_type":"none","id":15791186,"geo_enabled":true,"profile_background_color":"FFFFFF","lang":"en","has_extended_profile":false,"profile_sidebar_border_color":"A5B8DE","profile_text_color":"333333","verified":true,"profile_image_url":"http://pbs.twimg.com/profile_images/704777813581234178/KSQTTGiA_normal.jpg","time_zone":"Central Time (US & Canada)","url":"http://t.co/EOqynjipnF","contributors_enabled":false,"profile_background_tile":false,"profile_banner_url":"https://pbs.twimg.com/profile_banners/15791186/1485030064","entities":{"description":{"urls":[]},"url":{"urls":[{"display_url":"khou.com","indices":[0,22],"expanded_url":"http://www.khou.com","url":"http://t.co/EOqynjipnF"}]}},"statuses_count":213619,"follow_request_sent":false,"followers_count":491709,"profile_use_background_image":true,"default_profile":false,"following":true,"name":"KHOU 11 News Houston","location":"Houston, TX","profile_sidebar_fill_color":"DCEDFA","notifications":false}}