{"in_reply_to_status_id_str":null,"in_reply_to_status_id":null,"coordinates":null,"created_at":"Wed Feb 01 05:39:48 +0000 2017","truncated":false,"in_reply_to_user_id_str":null,"source":"<a href=\"http://www.hootsuite.com\" rel=\"nofollow\">Hootsuite<\/a>","retweeted_status":{"possibly_sensitive_appealable":false,"in_reply_to_status_id_str":null,"in_reply_to_status_id":null,"created_at":"Wed Feb 01 04:53:52 +0000 2017","in_reply_to_user_id_str":null,"source":"<a href=\"http://www.echofon.com/\" rel=\"nofollow\">Echofon<\/a>","retweet_count":1,"retweeted":false,"geo":null,"in_reply_to_screen_name":null,"is_quote_status":false,"id_str":"826654777216008192","in_reply_to_user_id":null,"favorite_count":7,"id":826654777216008192,"text":"Great media kickoff at @HMNS for #SuperBowl! Mayor @SylvesterTurner &amp; daughter @Aturner4545 are ready for a busy we\u2026 https://t.co/ukoc37bkSh","place":null,"lang":"en","favorited":false,"possibly_sensitive":false,"coordinates":null,"truncated":true,"entities":{"urls":[{"display_url":"twitter.com/i/web/status/8\u2026","indices":[121,144],"expanded_url":"https://twitter.com/i/web/status/826654777216008192","url":"https://t.co/ukoc37bkSh"}],"hashtags":[{"indices":[33,43],"text":"SuperBowl"}],"user_mentions":[{"indices":[23,28],"screen_name":"hmns","id_str":"16013208","name":"HMNS","id":16013208},{"indices":[51,67],"screen_name":"SylvesterTurner","id_str":"115105973","name":"Sylvester Turner","id":115105973},{"indices":[83,95],"screen_name":"aturner4545","id_str":"3232735388","name":"Ashley Turner","id":3232735388}],"symbols":[]},"contributors":null,"user":{"utc_offset":-21600,"friends_count":444,"profile_image_url_https":"https://pbs.twimg.com/profile_images/378800000713325938/fc025bc5969414fe79da77033296a26f_normal.jpeg","listed_count":370,"profile_background_image_url":"http://pbs.twimg.com/profile_background_images/378800000112190333/a2dc82853a2fa9a4db69d05b863fca0b.jpeg","default_profile_image":false,"favourites_count":88,"description":"TV news reporter, wife, mom, lover of social media, foodie finds, and world travel. Like my #abc13 page https://t.co/LGhZGR98tv! Opinions are my own.","created_at":"Sun Aug 03 15:07:29 +0000 2008","is_translator":false,"profile_background_image_url_https":"https://pbs.twimg.com/profile_background_images/378800000112190333/a2dc82853a2fa9a4db69d05b863fca0b.jpeg","protected":false,"screen_name":"miyashay","id_str":"15711069","profile_link_color":"0099B9","is_translation_enabled":false,"translator_type":"none","id":15711069,"geo_enabled":true,"profile_background_color":"0099B9","lang":"en","has_extended_profile":false,"profile_sidebar_border_color":"FFFFFF","profile_text_color":"3C3940","verified":true,"profile_image_url":"http://pbs.twimg.com/profile_images/378800000713325938/fc025bc5969414fe79da77033296a26f_normal.jpeg","time_zone":"Central Time (US & Canada)","url":"https://t.co/MQjjeQqVSD","contributors_enabled":false,"profile_background_tile":false,"profile_banner_url":"https://pbs.twimg.com/profile_banners/15711069/1452121110","entities":{"description":{"urls":[{"display_url":"facebook.com/abc13miyashay","indices":[104,127],"expanded_url":"http://facebook.com/abc13miyashay","url":"https://t.co/LGhZGR98tv"}]},"url":{"urls":[{"display_url":"facebook.com/ABC13MiyaShay","indices":[0,23],"expanded_url":"http://www.facebook.com/ABC13MiyaShay","url":"https://t.co/MQjjeQqVSD"}]}},"statuses_count":26009,"follow_request_sent":false,"followers_count":11951,"profile_use_background_image":true,"default_profile":false,"following":false,"name":"Miya Shay","location":"iPhone: 29.659395,-95.508675","profile_sidebar_fill_color":"95E8EC","notifications":false}},"retweet_count":1,"retweeted":false,"geo":null,"in_reply_to_screen_name":null,"is_quote_status":false,"entities":{"urls":[],"hashtags":[{"indices":[47,57],"text":"SuperBowl"},{"indices":[137,142],"text":"SB51"}],"user_mentions":[{"indices":[3,12],"screen_name":"miyashay","id_str":"15711069","name":"Miya Shay","id":15711069},{"indices":[37,42],"screen_name":"hmns","id_str":"16013208","name":"HMNS","id":16013208},{"indices":[65,81],"screen_name":"SylvesterTurner","id_str":"115105973","name":"Sylvester Turner","id":115105973},{"indices":[97,109],"screen_name":"aturner4545","id_str":"3232735388","name":"Ashley Turner","id":3232735388}],"symbols":[]},"id_str":"826666338743681024","in_reply_to_user_id":null,"favorite_count":0,"id":826666338743681024,"text":"RT @miyashay: Great media kickoff at @HMNS for #SuperBowl! Mayor @SylvesterTurner &amp; daughter @Aturner4545 are ready for a busy week! #SB51\u2026","place":null,"contributors":null,"lang":"en","user":{"utc_offset":-21600,"friends_count":830,"profile_image_url_https":"https://pbs.twimg.com/profile_images/750184527146852352/a-GUE4Ob_normal.jpg","listed_count":2417,"profile_background_image_url":"http://pbs.twimg.com/profile_background_images/378800000119618470/a2dc82853a2fa9a4db69d05b863fca0b.jpeg","default_profile_image":false,"favourites_count":4872,"description":"ABC13 is Houston's news leader. Your number one source for breaking news 24 hours a day/7 days a week.","created_at":"Thu Sep 11 20:45:55 +0000 2008","is_translator":false,"profile_background_image_url_https":"https://pbs.twimg.com/profile_background_images/378800000119618470/a2dc82853a2fa9a4db69d05b863fca0b.jpeg","protected":false,"screen_name":"abc13houston","id_str":"16247383","profile_link_color":"0000FF","is_translation_enabled":false,"translator_type":"none","id":16247383,"geo_enabled":true,"profile_background_color":"000853","lang":"en","has_extended_profile":false,"profile_sidebar_border_color":"FFFFFF","profile_text_color":"000000","verified":true,"profile_image_url":"http://pbs.twimg.com/profile_images/750184527146852352/a-GUE4Ob_normal.jpg","time_zone":"Central Time (US & Canada)","url":"https://t.co/wRZIqah7T5","contributors_enabled":false,"profile_background_tile":false,"profile_banner_url":"https://pbs.twimg.com/profile_banners/16247383/1483842851","entities":{"description":{"urls":[]},"url":{"urls":[{"display_url":"abc13.com","indices":[0,23],"expanded_url":"http://www.abc13.com","url":"https://t.co/wRZIqah7T5"}]}},"statuses_count":176574,"follow_request_sent":false,"followers_count":501295,"profile_use_background_image":true,"default_profile":false,"following":true,"name":"ABC13 Houston","location":"Houston, TX","profile_sidebar_fill_color":"E0E0E0","notifications":false},"favorited":false}