{"possibly_sensitive_appealable":false,"in_reply_to_status_id_str":null,"in_reply_to_status_id":null,"created_at":"Wed Feb 01 10:00:02 +0000 2017","in_reply_to_user_id_str":null,"source":"<a href=\"https://about.twitter.com/products/tweetdeck\" rel=\"nofollow\">TweetDeck<\/a>","retweet_count":0,"retweeted":false,"geo":null,"in_reply_to_screen_name":null,"is_quote_status":false,"id_str":"826731827700183040","in_reply_to_user_id":null,"favorite_count":0,"id":826731827700183040,"text":"Today is #nationalsigningday and we have crews spread across @HoustonISD @FortBendISD and @SpringISD! LIVE COVERAGE\u2026 https://t.co/7Y6vMkQ2O0","place":null,"lang":"en","favorited":false,"possibly_sensitive":false,"coordinates":null,"truncated":true,"entities":{"urls":[{"display_url":"twitter.com/i/web/status/8\u2026","indices":[117,140],"expanded_url":"https://twitter.com/i/web/status/826731827700183040","url":"https://t.co/7Y6vMkQ2O0"}],"hashtags":[{"indices":[9,28],"text":"nationalsigningday"}],"user_mentions":[{"indices":[61,72],"screen_name":"HoustonISD","id_str":"36192085","name":"Houston ISD","id":36192085},{"indices":[73,85],"screen_name":"FortBendISD","id_str":"20080721","name":"Fort Bend ISD","id":20080721},{"indices":[90,100],"screen_name":"SpringISD","id_str":"61548545","name":"Spring ISD","id":61548545}],"symbols":[]},"contributors":null,"user":{"utc_offset":-21600,"friends_count":830,"profile_image_url_https":"https://pbs.twimg.com/profile_images/750184527146852352/a-GUE4Ob_normal.jpg","listed_count":2420,"profile_background_image_url":"http://pbs.twimg.com/profile_background_images/378800000119618470/a2dc82853a2fa9a4db69d05b863fca0b.jpeg","default_profile_image":false,"favourites_count":4872,"description":"ABC13 is Houston's news leader. Your number one source for breaking news 24 hours a day/7 days a week.","created_at":"Thu Sep 11 20:45:55 +0000 2008","is_translator":false,"profile_background_image_url_https":"https://pbs.twimg.com/profile_background_images/378800000119618470/a2dc82853a2fa9a4db69d05b863fca0b.jpeg","protected":false,"screen_name":"abc13houston","id_str":"16247383","profile_link_color":"0000FF","is_translation_enabled":false,"translator_type":"none","id":16247383,"geo_enabled":true,"profile_background_color":"000853","lang":"en","has_extended_profile":false,"profile_sidebar_border_color":"FFFFFF","profile_text_color":"000000","verified":true,"profile_image_url":"http://pbs.twimg.com/profile_images/750184527146852352/a-GUE4Ob_normal.jpg","time_zone":"Central Time (US & Canada)","url":"https://t.co/wRZIqah7T5","contributors_enabled":false,"profile_background_tile":false,"profile_banner_url":"https://pbs.twimg.com/profile_banners/16247383/1483842851","entities":{"description":{"urls":[]},"url":{"urls":[{"display_url":"abc13.com","indices":[0,23],"expanded_url":"http://www.abc13.com","url":"https://t.co/wRZIqah7T5"}]}},"statuses_count":176585,"follow_request_sent":false,"followers_count":501305,"profile_use_background_image":true,"default_profile":false,"following":true,"name":"ABC13 Houston","location":"Houston, TX","profile_sidebar_fill_color":"E0E0E0","notifications":false}}