{"possibly_sensitive_appealable":false,"in_reply_to_status_id_str":null,"in_reply_to_status_id":null,"created_at":"Wed Feb 01 09:14:19 +0000 2017","in_reply_to_user_id_str":null,"source":"<a href=\"http://www.socialnewsdesk.com\" rel=\"nofollow\">SocialNewsDesk<\/a>","retweet_count":1,"retweeted":false,"geo":null,"in_reply_to_screen_name":null,"is_quote_status":false,"id_str":"826720323924004864","in_reply_to_user_id":null,"favorite_count":2,"id":826720323924004864,"text":"Patchy fog this a.m. but another GORGEOUS day! Rain chances for the end of the week. #HOUWX #HOUSuperBowl\u2026 https://t.co/72nOK12UDe","place":null,"lang":"en","favorited":false,"possibly_sensitive":false,"coordinates":null,"truncated":true,"entities":{"urls":[{"display_url":"twitter.com/i/web/status/8\u2026","indices":[107,130],"expanded_url":"https://twitter.com/i/web/status/826720323924004864","url":"https://t.co/72nOK12UDe"}],"hashtags":[{"indices":[85,91],"text":"HOUWX"},{"indices":[92,105],"text":"HOUSuperBowl"}],"user_mentions":[],"symbols":[]},"contributors":null,"user":{"utc_offset":-21600,"friends_count":1528,"profile_image_url_https":"https://pbs.twimg.com/profile_images/768129436067639296/nJf4pAq7_normal.jpg","listed_count":1867,"profile_background_image_url":"http://abs.twimg.com/images/themes/theme14/bg.gif","default_profile_image":false,"favourites_count":2345,"description":"NBC TV affiliate and local news station in #Houston. #BreakingNews #HoustonWeather #KPRC2 | Follow more KPRC reporters: https://t.co/JAXNTw83eB","created_at":"Mon Mar 30 04:25:49 +0000 2009","is_translator":false,"profile_background_image_url_https":"https://abs.twimg.com/images/themes/theme14/bg.gif","protected":false,"screen_name":"KPRC2","id_str":"27583598","profile_link_color":"009999","is_translation_enabled":false,"translator_type":"none","id":27583598,"geo_enabled":true,"profile_background_color":"131516","lang":"en","has_extended_profile":false,"profile_sidebar_border_color":"EEEEEE","profile_text_color":"333333","verified":true,"profile_image_url":"http://pbs.twimg.com/profile_images/768129436067639296/nJf4pAq7_normal.jpg","time_zone":"Central Time (US & Canada)","url":"http://t.co/RlxquXwsWX","contributors_enabled":false,"profile_background_tile":true,"profile_banner_url":"https://pbs.twimg.com/profile_banners/27583598/1471953984","entities":{"description":{"urls":[{"display_url":"bit.ly/1Rwg7wG","indices":[120,143],"expanded_url":"http://bit.ly/1Rwg7wG","url":"https://t.co/JAXNTw83eB"}]},"url":{"urls":[{"display_url":"click2houston.com","indices":[0,22],"expanded_url":"http://www.click2houston.com","url":"http://t.co/RlxquXwsWX"}]}},"statuses_count":126173,"follow_request_sent":false,"followers_count":435067,"profile_use_background_image":true,"default_profile":false,"following":true,"name":"KPRC 2 Houston","location":"Houston, TX","profile_sidebar_fill_color":"EFEFEF","notifications":false}}