{"possibly_sensitive_appealable":false,"in_reply_to_status_id_str":null,"in_reply_to_status_id":null,"created_at":"Wed Feb 01 10:41:30 +0000 2017","in_reply_to_user_id_str":null,"source":"<a href=\"https://about.twitter.com/products/tweetdeck\" rel=\"nofollow\">TweetDeck<\/a>","retweeted_status":{"possibly_sensitive_appealable":false,"in_reply_to_status_id_str":null,"in_reply_to_status_id":null,"created_at":"Wed Feb 01 10:41:11 +0000 2017","in_reply_to_user_id_str":null,"source":"<a href=\"http://twitter.com\" rel=\"nofollow\">Twitter Web Client<\/a>","retweet_count":2,"retweeted":false,"geo":null,"in_reply_to_screen_name":null,"is_quote_status":false,"id_str":"826742182841303040","in_reply_to_user_id":null,"favorite_count":4,"id":826742182841303040,"text":"Explore Houston during the Game City Showcase -- today its EADO and @8thWonderBrew https://t.co/MbskYgX7I1 via @ABC13Houston #kattraffic","place":null,"lang":"en","favorited":false,"possibly_sensitive":false,"coordinates":null,"truncated":false,"entities":{"urls":[{"display_url":"abc13.com/1720831/","indices":[83,106],"expanded_url":"http://abc13.com/1720831/","url":"https://t.co/MbskYgX7I1"}],"hashtags":[{"indices":[125,136],"text":"kattraffic"}],"user_mentions":[{"indices":[68,82],"screen_name":"8thWonderBrew","id_str":"308852967","name":"8th Wonder Brewery","id":308852967},{"indices":[111,124],"screen_name":"abc13houston","id_str":"16247383","name":"ABC13 Houston","id":16247383}],"symbols":[]},"contributors":null,"user":{"utc_offset":-28800,"friends_count":54,"profile_image_url_https":"https://pbs.twimg.com/profile_images/825005553743122432/pPcujZjo_normal.jpg","listed_count":5,"profile_background_image_url":null,"default_profile_image":false,"favourites_count":5,"description":"Morning Traffic Anchor at ABC13 in Houston. Journalist. Foodie. Traveler. Proud Texan.","created_at":"Fri Jan 27 15:27:53 +0000 2017","is_translator":false,"profile_background_image_url_https":null,"protected":false,"screen_name":"KatherineABC13","id_str":"825002395318964225","profile_link_color":"1DA1F2","is_translation_enabled":false,"translator_type":"none","id":825002395318964225,"geo_enabled":false,"profile_background_color":"F5F8FA","lang":"en","has_extended_profile":false,"profile_sidebar_border_color":"C0DEED","profile_text_color":"333333","verified":false,"profile_image_url":"http://pbs.twimg.com/profile_images/825005553743122432/pPcujZjo_normal.jpg","time_zone":"Pacific Time (US & Canada)","url":"https://t.co/TwdM25LwmI","contributors_enabled":false,"profile_background_tile":false,"profile_banner_url":"https://pbs.twimg.com/profile_banners/825002395318964225/1485531886","entities":{"description":{"urls":[]},"url":{"urls":[{"display_url":"abc13.com/traffic/","indices":[0,23],"expanded_url":"http://abc13.com/traffic/","url":"https://t.co/TwdM25LwmI"}]}},"statuses_count":18,"follow_request_sent":false,"followers_count":37,"profile_use_background_image":true,"default_profile":true,"following":false,"name":"Katherine Whaley","location":"Houston, TX","profile_sidebar_fill_color":"DDEEF6","notifications":false}},"retweet_count":2,"retweeted":false,"geo":null,"in_reply_to_screen_name":null,"is_quote_status":false,"id_str":"826742262025568257","in_reply_to_user_id":null,"favorite_count":0,"id":826742262025568257,"text":"RT @KatherineABC13: Explore Houston during the Game City Showcase -- today its EADO and @8thWonderBrew https://t.co/MbskYgX7I1 via @ABC13Ho\u2026","place":null,"lang":"en","favorited":false,"possibly_sensitive":false,"coordinates":null,"truncated":false,"entities":{"urls":[{"display_url":"abc13.com/1720831/","indices":[103,126],"expanded_url":"http://abc13.com/1720831/","url":"https://t.co/MbskYgX7I1"}],"hashtags":[],"user_mentions":[{"indices":[3,18],"screen_name":"KatherineABC13","id_str":"825002395318964225","name":"Katherine Whaley","id":825002395318964225},{"indices":[88,102],"screen_name":"8thWonderBrew","id_str":"308852967","name":"8th Wonder Brewery","id":308852967}],"symbols":[]},"contributors":null,"user":{"utc_offset":-21600,"friends_count":830,"profile_image_url_https":"https://pbs.twimg.com/profile_images/750184527146852352/a-GUE4Ob_normal.jpg","listed_count":2418,"profile_background_image_url":"http://pbs.twimg.com/profile_background_images/378800000119618470/a2dc82853a2fa9a4db69d05b863fca0b.jpeg","default_profile_image":false,"favourites_count":4872,"description":"ABC13 is Houston's news leader. Your number one source for breaking news 24 hours a day/7 days a week.","created_at":"Thu Sep 11 20:45:55 +0000 2008","is_translator":false,"profile_background_image_url_https":"https://pbs.twimg.com/profile_background_images/378800000119618470/a2dc82853a2fa9a4db69d05b863fca0b.jpeg","protected":false,"screen_name":"abc13houston","id_str":"16247383","profile_link_color":"0000FF","is_translation_enabled":false,"translator_type":"none","id":16247383,"geo_enabled":true,"profile_background_color":"000853","lang":"en","has_extended_profile":false,"profile_sidebar_border_color":"FFFFFF","profile_text_color":"000000","verified":true,"profile_image_url":"http://pbs.twimg.com/profile_images/750184527146852352/a-GUE4Ob_normal.jpg","time_zone":"Central Time (US & Canada)","url":"https://t.co/wRZIqah7T5","contributors_enabled":false,"profile_background_tile":false,"profile_banner_url":"https://pbs.twimg.com/profile_banners/16247383/1483842851","entities":{"description":{"urls":[]},"url":{"urls":[{"display_url":"abc13.com","indices":[0,23],"expanded_url":"http://www.abc13.com","url":"https://t.co/wRZIqah7T5"}]}},"statuses_count":176594,"follow_request_sent":false,"followers_count":501307,"profile_use_background_image":true,"default_profile":false,"following":true,"name":"ABC13 Houston","location":"Houston, TX","profile_sidebar_fill_color":"E0E0E0","notifications":false}}