{"possibly_sensitive_appealable":false,"extended_entities":{"media":[{"display_url":"pic.twitter.com/WvIANtB7FL","source_user_id":18870078,"type":"photo","media_url":"http://pbs.twimg.com/media/C3kXQsIXUAEmfCO.jpg","source_status_id":826717583898443777,"url":"https://t.co/WvIANtB7FL","indices":[66,89],"sizes":{"small":{"w":600,"h":338,"resize":"fit"},"large":{"w":600,"h":338,"resize":"fit"},"thumb":{"w":150,"h":150,"resize":"crop"},"medium":{"w":600,"h":338,"resize":"fit"}},"id_str":"826717582090784769","expanded_url":"https://twitter.com/abc13weather/status/826717583898443777/photo/1","source_status_id_str":"826717583898443777","media_url_https":"https://pbs.twimg.com/media/C3kXQsIXUAEmfCO.jpg","id":826717582090784769,"source_user_id_str":"18870078"}]},"in_reply_to_status_id_str":null,"in_reply_to_status_id":null,"created_at":"Wed Feb 01 09:42:24 +0000 2017","in_reply_to_user_id_str":null,"source":"<a href=\"https://about.twitter.com/products/tweetdeck\" rel=\"nofollow\">TweetDeck<\/a>","retweeted_status":{"possibly_sensitive_appealable":false,"extended_entities":{"media":[{"display_url":"pic.twitter.com/WvIANtB7FL","indices":[48,71],"sizes":{"small":{"w":600,"h":338,"resize":"fit"},"large":{"w":600,"h":338,"resize":"fit"},"thumb":{"w":150,"h":150,"resize":"crop"},"medium":{"w":600,"h":338,"resize":"fit"}},"id_str":"826717582090784769","expanded_url":"https://twitter.com/abc13weather/status/826717583898443777/photo/1","media_url_https":"https://pbs.twimg.com/media/C3kXQsIXUAEmfCO.jpg","id":826717582090784769,"type":"photo","media_url":"http://pbs.twimg.com/media/C3kXQsIXUAEmfCO.jpg","url":"https://t.co/WvIANtB7FL"}]},"in_reply_to_status_id_str":null,"in_reply_to_status_id":null,"created_at":"Wed Feb 01 09:03:26 +0000 2017","in_reply_to_user_id_str":null,"source":"<a href=\"http://www.socialnewsdesk.com\" rel=\"nofollow\">SocialNewsDesk<\/a>","retweet_count":1,"retweeted":false,"geo":null,"in_reply_to_screen_name":null,"is_quote_status":false,"id_str":"826717583898443777","in_reply_to_user_id":null,"favorite_count":1,"id":826717583898443777,"text":"Current weather around the #Houston area. #TXwx https://t.co/WvIANtB7FL","place":null,"lang":"en","favorited":false,"possibly_sensitive":false,"coordinates":null,"truncated":false,"entities":{"urls":[],"hashtags":[{"indices":[27,35],"text":"Houston"},{"indices":[42,47],"text":"TXwx"}],"media":[{"display_url":"pic.twitter.com/WvIANtB7FL","indices":[48,71],"sizes":{"small":{"w":600,"h":338,"resize":"fit"},"large":{"w":600,"h":338,"resize":"fit"},"thumb":{"w":150,"h":150,"resize":"crop"},"medium":{"w":600,"h":338,"resize":"fit"}},"id_str":"826717582090784769","expanded_url":"https://twitter.com/abc13weather/status/826717583898443777/photo/1","media_url_https":"https://pbs.twimg.com/media/C3kXQsIXUAEmfCO.jpg","id":826717582090784769,"type":"photo","media_url":"http://pbs.twimg.com/media/C3kXQsIXUAEmfCO.jpg","url":"https://t.co/WvIANtB7FL"}],"user_mentions":[],"symbols":[]},"contributors":null,"user":{"utc_offset":-21600,"friends_count":49,"profile_image_url_https":"https://pbs.twimg.com/profile_images/480023724578447360/Od7RuKPq_normal.jpeg","listed_count":734,"profile_background_image_url":"http://pbs.twimg.com/profile_background_images/378800000101775159/133228b01805bd629731b9fccca7e06b.jpeg","default_profile_image":false,"favourites_count":47,"description":"Your Houston weather forecast from the #ABC13 Eyewitness Weather team: @HellerWeather,  @Caseyweather , @HerzogWeather, @TillmanWeather and @abc13elita","created_at":"Sun Jan 11 15:52:38 +0000 2009","is_translator":false,"profile_background_image_url_https":"https://pbs.twimg.com/profile_background_images/378800000101775159/133228b01805bd629731b9fccca7e06b.jpeg","protected":false,"screen_name":"abc13weather","id_str":"18870078","profile_link_color":"2257BA","is_translation_enabled":false,"translator_type":"none","id":18870078,"geo_enabled":false,"profile_background_color":"01131A","lang":"en","has_extended_profile":false,"profile_sidebar_border_color":"FFFFFF","profile_text_color":"333333","verified":false,"profile_image_url":"http://pbs.twimg.com/profile_images/480023724578447360/Od7RuKPq_normal.jpeg","time_zone":"Central Time (US & Canada)","url":"http://t.co/xktr4dhJGw","contributors_enabled":false,"profile_background_tile":false,"profile_banner_url":"https://pbs.twimg.com/profile_banners/18870078/1403284443","entities":{"description":{"urls":[]},"url":{"urls":[{"display_url":"facebook.com/abc13weather","indices":[0,22],"expanded_url":"http://www.facebook.com/abc13weather","url":"http://t.co/xktr4dhJGw"}]}},"statuses_count":15197,"follow_request_sent":false,"followers_count":39728,"profile_use_background_image":true,"default_profile":false,"following":false,"name":"Houston Weather","location":"Houston, TX","profile_sidebar_fill_color":"CADBFC","notifications":false}},"retweet_count":1,"retweeted":false,"geo":null,"in_reply_to_screen_name":null,"is_quote_status":false,"id_str":"826727391640842240","in_reply_to_user_id":null,"favorite_count":0,"id":826727391640842240,"text":"RT @abc13weather: Current weather around the #Houston area. #TXwx https://t.co/WvIANtB7FL","place":null,"lang":"en","favorited":false,"possibly_sensitive":false,"coordinates":null,"truncated":false,"entities":{"urls":[],"hashtags":[{"indices":[45,53],"text":"Houston"},{"indices":[60,65],"text":"TXwx"}],"media":[{"display_url":"pic.twitter.com/WvIANtB7FL","source_user_id":18870078,"type":"photo","media_url":"http://pbs.twimg.com/media/C3kXQsIXUAEmfCO.jpg","source_status_id":826717583898443777,"url":"https://t.co/WvIANtB7FL","indices":[66,89],"sizes":{"small":{"w":600,"h":338,"resize":"fit"},"large":{"w":600,"h":338,"resize":"fit"},"thumb":{"w":150,"h":150,"resize":"crop"},"medium":{"w":600,"h":338,"resize":"fit"}},"id_str":"826717582090784769","expanded_url":"https://twitter.com/abc13weather/status/826717583898443777/photo/1","source_status_id_str":"826717583898443777","media_url_https":"https://pbs.twimg.com/media/C3kXQsIXUAEmfCO.jpg","id":826717582090784769,"source_user_id_str":"18870078"}],"user_mentions":[{"indices":[3,16],"screen_name":"abc13weather","id_str":"18870078","name":"Houston Weather","id":18870078}],"symbols":[]},"contributors":null,"user":{"utc_offset":-21600,"friends_count":830,"profile_image_url_https":"https://pbs.twimg.com/profile_images/750184527146852352/a-GUE4Ob_normal.jpg","listed_count":2420,"profile_background_image_url":"http://pbs.twimg.com/profile_background_images/378800000119618470/a2dc82853a2fa9a4db69d05b863fca0b.jpeg","default_profile_image":false,"favourites_count":4872,"description":"ABC13 is Houston's news leader. Your number one source for breaking news 24 hours a day/7 days a week.","created_at":"Thu Sep 11 20:45:55 +0000 2008","is_translator":false,"profile_background_image_url_https":"https://pbs.twimg.com/profile_background_images/378800000119618470/a2dc82853a2fa9a4db69d05b863fca0b.jpeg","protected":false,"screen_name":"abc13houston","id_str":"16247383","profile_link_color":"0000FF","is_translation_enabled":false,"translator_type":"none","id":16247383,"geo_enabled":true,"profile_background_color":"000853","lang":"en","has_extended_profile":false,"profile_sidebar_border_color":"FFFFFF","profile_text_color":"000000","verified":true,"profile_image_url":"http://pbs.twimg.com/profile_images/750184527146852352/a-GUE4Ob_normal.jpg","time_zone":"Central Time (US & Canada)","url":"https://t.co/wRZIqah7T5","contributors_enabled":false,"profile_background_tile":false,"profile_banner_url":"https://pbs.twimg.com/profile_banners/16247383/1483842851","entities":{"description":{"urls":[]},"url":{"urls":[{"display_url":"abc13.com","indices":[0,23],"expanded_url":"http://www.abc13.com","url":"https://t.co/wRZIqah7T5"}]}},"statuses_count":176585,"follow_request_sent":false,"followers_count":501305,"profile_use_background_image":true,"default_profile":false,"following":true,"name":"ABC13 Houston","location":"Houston, TX","profile_sidebar_fill_color":"E0E0E0","notifications":false}}