{"possibly_sensitive_appealable":false,"extended_entities":{"media":[{"display_url":"pic.twitter.com/VL9EyBAXgC","indices":[81,104],"sizes":{"small":{"w":680,"h":382,"resize":"fit"},"large":{"w":1024,"h":575,"resize":"fit"},"thumb":{"w":150,"h":150,"resize":"crop"},"medium":{"w":1024,"h":575,"resize":"fit"}},"id_str":"826739391888490496","expanded_url":"https://twitter.com/KHOU/status/826739393700446208/photo/1","media_url_https":"https://pbs.twimg.com/media/C3krGL9WAAAGzoz.jpg","id":826739391888490496,"type":"photo","media_url":"http://pbs.twimg.com/media/C3krGL9WAAAGzoz.jpg","url":"https://t.co/VL9EyBAXgC"}]},"in_reply_to_status_id_str":null,"in_reply_to_status_id":null,"created_at":"Wed Feb 01 10:30:06 +0000 2017","in_reply_to_user_id_str":null,"source":"<a href=\"http://trueanthem.com/\" rel=\"nofollow\">trueAnthem<\/a>","retweet_count":1,"retweeted":false,"geo":null,"in_reply_to_screen_name":null,"is_quote_status":false,"id_str":"826739393700446208","in_reply_to_user_id":null,"favorite_count":2,"id":826739393700446208,"text":"'Voice' star Pharrell Williams and wife welcome triplets https://t.co/6uv3jebBbv https://t.co/VL9EyBAXgC","place":null,"lang":"en","favorited":false,"possibly_sensitive":false,"coordinates":null,"truncated":false,"entities":{"urls":[{"display_url":"on.khou.com/2kqQmbq","indices":[57,80],"expanded_url":"http://on.khou.com/2kqQmbq","url":"https://t.co/6uv3jebBbv"}],"hashtags":[],"media":[{"display_url":"pic.twitter.com/VL9EyBAXgC","indices":[81,104],"sizes":{"small":{"w":680,"h":382,"resize":"fit"},"large":{"w":1024,"h":575,"resize":"fit"},"thumb":{"w":150,"h":150,"resize":"crop"},"medium":{"w":1024,"h":575,"resize":"fit"}},"id_str":"826739391888490496","expanded_url":"https://twitter.com/KHOU/status/826739393700446208/photo/1","media_url_https":"https://pbs.twimg.com/media/C3krGL9WAAAGzoz.jpg","id":826739391888490496,"type":"photo","media_url":"http://pbs.twimg.com/media/C3krGL9WAAAGzoz.jpg","url":"https://t.co/VL9EyBAXgC"}],"user_mentions":[],"symbols":[]},"contributors":null,"user":{"utc_offset":-21600,"friends_count":816,"profile_image_url_https":"https://pbs.twimg.com/profile_images/704777813581234178/KSQTTGiA_normal.jpg","listed_count":2474,"profile_background_image_url":"http://pbs.twimg.com/profile_background_images/293909663/twitter_bg_image_2.png","default_profile_image":false,"favourites_count":789,"description":"CBS TV affiliate and local news station in Houston, Texas. Send breaking news tips to newstips@khou.com.","created_at":"Sat Aug 09 18:33:49 +0000 2008","is_translator":false,"profile_background_image_url_https":"https://pbs.twimg.com/profile_background_images/293909663/twitter_bg_image_2.png","protected":false,"screen_name":"KHOU","id_str":"15791186","profile_link_color":"0065B3","is_translation_enabled":false,"translator_type":"none","id":15791186,"geo_enabled":true,"profile_background_color":"FFFFFF","lang":"en","has_extended_profile":false,"profile_sidebar_border_color":"A5B8DE","profile_text_color":"333333","verified":true,"profile_image_url":"http://pbs.twimg.com/profile_images/704777813581234178/KSQTTGiA_normal.jpg","time_zone":"Central Time (US & Canada)","url":"http://t.co/EOqynjipnF","contributors_enabled":false,"profile_background_tile":false,"profile_banner_url":"https://pbs.twimg.com/profile_banners/15791186/1485030064","entities":{"description":{"urls":[]},"url":{"urls":[{"display_url":"khou.com","indices":[0,22],"expanded_url":"http://www.khou.com","url":"http://t.co/EOqynjipnF"}]}},"statuses_count":213636,"follow_request_sent":false,"followers_count":491718,"profile_use_background_image":true,"default_profile":false,"following":true,"name":"KHOU 11 News Houston","location":"Houston, TX","profile_sidebar_fill_color":"DCEDFA","notifications":false}}