{"in_reply_to_status_id_str":null,"in_reply_to_status_id":null,"coordinates":null,"created_at":"Wed Feb 01 09:42:22 +0000 2017","truncated":false,"in_reply_to_user_id_str":null,"source":"<a href=\"https://about.twitter.com/products/tweetdeck\" rel=\"nofollow\">TweetDeck<\/a>","retweeted_status":{"possibly_sensitive_appealable":false,"extended_entities":{"media":[{"display_url":"pic.twitter.com/DKMS1icmQt","indices":[117,140],"sizes":{"small":{"w":680,"h":383,"resize":"fit"},"large":{"w":864,"h":486,"resize":"fit"},"thumb":{"w":150,"h":150,"resize":"crop"},"medium":{"w":864,"h":486,"resize":"fit"}},"id_str":"826713651998507008","expanded_url":"https://twitter.com/ABC13Elita/status/826713654162780165/photo/1","media_url_https":"https://pbs.twimg.com/media/C3kTr7ZWQAALjKt.jpg","id":826713651998507008,"type":"photo","media_url":"http://pbs.twimg.com/media/C3kTr7ZWQAALjKt.jpg","url":"https://t.co/DKMS1icmQt"}]},"in_reply_to_status_id_str":null,"in_reply_to_status_id":null,"created_at":"Wed Feb 01 08:47:49 +0000 2017","in_reply_to_user_id_str":null,"source":"<a href=\"http://www.socialnewsdesk.com\" rel=\"nofollow\">SocialNewsDesk<\/a>","retweet_count":1,"retweeted":false,"geo":null,"in_reply_to_screen_name":null,"is_quote_status":false,"id_str":"826713654162780165","in_reply_to_user_id":null,"favorite_count":3,"id":826713654162780165,"text":"With more Gulf air blowing in, I'll be watching for fog developing in our area. Start your morning with #ABC13 4:30! https://t.co/DKMS1icmQt","place":null,"lang":"en","favorited":false,"possibly_sensitive":false,"coordinates":null,"truncated":false,"entities":{"urls":[],"hashtags":[{"indices":[104,110],"text":"ABC13"}],"media":[{"display_url":"pic.twitter.com/DKMS1icmQt","indices":[117,140],"sizes":{"small":{"w":680,"h":383,"resize":"fit"},"large":{"w":864,"h":486,"resize":"fit"},"thumb":{"w":150,"h":150,"resize":"crop"},"medium":{"w":864,"h":486,"resize":"fit"}},"id_str":"826713651998507008","expanded_url":"https://twitter.com/ABC13Elita/status/826713654162780165/photo/1","media_url_https":"https://pbs.twimg.com/media/C3kTr7ZWQAALjKt.jpg","id":826713651998507008,"type":"photo","media_url":"http://pbs.twimg.com/media/C3kTr7ZWQAALjKt.jpg","url":"https://t.co/DKMS1icmQt"}],"user_mentions":[],"symbols":[]},"contributors":null,"user":{"utc_offset":-28800,"friends_count":85,"profile_image_url_https":"https://pbs.twimg.com/profile_images/787314429813587969/_yDpH1LA_normal.jpg","listed_count":56,"profile_background_image_url":"http://abs.twimg.com/images/themes/theme1/bg.png","default_profile_image":false,"favourites_count":1645,"description":"Living My Dream ✨Houston Meteorologist ☀️☔️ Blessed Wife & Mommy of 2 ❤️ Manila born... SoCal raised ✨ Follow me on Facebook and Instagram @elitaloresca","created_at":"Sat Jun 27 01:34:44 +0000 2015","is_translator":false,"profile_background_image_url_https":"https://abs.twimg.com/images/themes/theme1/bg.png","protected":false,"screen_name":"ABC13Elita","id_str":"3257157084","profile_link_color":"1DA1F2","is_translation_enabled":false,"translator_type":"none","id":3257157084,"geo_enabled":false,"profile_background_color":"C0DEED","lang":"en","has_extended_profile":false,"profile_sidebar_border_color":"C0DEED","profile_text_color":"333333","verified":false,"profile_image_url":"http://pbs.twimg.com/profile_images/787314429813587969/_yDpH1LA_normal.jpg","time_zone":"Pacific Time (US & Canada)","url":null,"contributors_enabled":false,"profile_background_tile":false,"profile_banner_url":"https://pbs.twimg.com/profile_banners/3257157084/1445621896","entities":{"description":{"urls":[]}},"statuses_count":2315,"follow_request_sent":false,"followers_count":3649,"profile_use_background_image":true,"default_profile":true,"following":false,"name":"Elita Loresca","location":"","profile_sidebar_fill_color":"DDEEF6","notifications":false}},"retweet_count":1,"retweeted":false,"geo":null,"in_reply_to_screen_name":null,"is_quote_status":false,"entities":{"urls":[],"hashtags":[{"indices":[120,126],"text":"ABC13"}],"user_mentions":[{"indices":[3,14],"screen_name":"ABC13Elita","id_str":"3257157084","name":"Elita Loresca","id":3257157084}],"symbols":[]},"id_str":"826727381402517504","in_reply_to_user_id":null,"favorite_count":0,"id":826727381402517504,"text":"RT @ABC13Elita: With more Gulf air blowing in, I'll be watching for fog developing in our area. Start your morning with #ABC13 4:30! https:\u2026","place":null,"contributors":null,"lang":"en","user":{"utc_offset":-21600,"friends_count":830,"profile_image_url_https":"https://pbs.twimg.com/profile_images/750184527146852352/a-GUE4Ob_normal.jpg","listed_count":2420,"profile_background_image_url":"http://pbs.twimg.com/profile_background_images/378800000119618470/a2dc82853a2fa9a4db69d05b863fca0b.jpeg","default_profile_image":false,"favourites_count":4872,"description":"ABC13 is Houston's news leader. Your number one source for breaking news 24 hours a day/7 days a week.","created_at":"Thu Sep 11 20:45:55 +0000 2008","is_translator":false,"profile_background_image_url_https":"https://pbs.twimg.com/profile_background_images/378800000119618470/a2dc82853a2fa9a4db69d05b863fca0b.jpeg","protected":false,"screen_name":"abc13houston","id_str":"16247383","profile_link_color":"0000FF","is_translation_enabled":false,"translator_type":"none","id":16247383,"geo_enabled":true,"profile_background_color":"000853","lang":"en","has_extended_profile":false,"profile_sidebar_border_color":"FFFFFF","profile_text_color":"000000","verified":true,"profile_image_url":"http://pbs.twimg.com/profile_images/750184527146852352/a-GUE4Ob_normal.jpg","time_zone":"Central Time (US & Canada)","url":"https://t.co/wRZIqah7T5","contributors_enabled":false,"profile_background_tile":false,"profile_banner_url":"https://pbs.twimg.com/profile_banners/16247383/1483842851","entities":{"description":{"urls":[]},"url":{"urls":[{"display_url":"abc13.com","indices":[0,23],"expanded_url":"http://www.abc13.com","url":"https://t.co/wRZIqah7T5"}]}},"statuses_count":176585,"follow_request_sent":false,"followers_count":501305,"profile_use_background_image":true,"default_profile":false,"following":true,"name":"ABC13 Houston","location":"Houston, TX","profile_sidebar_fill_color":"E0E0E0","notifications":false},"favorited":false}