{"in_reply_to_status_id_str":null,"in_reply_to_status_id":null,"coordinates":null,"created_at":"Wed Feb 01 10:26:32 +0000 2017","truncated":false,"in_reply_to_user_id_str":null,"source":"<a href=\"http://twitter.com/download/iphone\" rel=\"nofollow\">Twitter for iPhone<\/a>","retweet_count":51,"retweeted":false,"geo":null,"in_reply_to_screen_name":null,"is_quote_status":false,"entities":{"urls":[],"hashtags":[],"user_mentions":[],"symbols":[]},"id_str":"826738498111561729","in_reply_to_user_id":null,"favorite_count":251,"id":826738498111561729,"text":"I offer my condolences to those who lost their loved ones in the Kanpur building collapse. I pray for the speedy recovery of the injured.","place":null,"contributors":null,"lang":"en","user":{"utc_offset":19800,"friends_count":122,"profile_image_url_https":"https://pbs.twimg.com/profile_images/431732725184073728/0MGsrciP_normal.jpeg","listed_count":2015,"profile_background_image_url":"http://pbs.twimg.com/profile_background_images/432084881095417856/zlppfkZm.jpeg","default_profile_image":false,"favourites_count":69,"description":"Minister of Home Affairs, Government of India, INDIA","created_at":"Fri Apr 12 09:46:07 +0000 2013","is_translator":false,"profile_background_image_url_https":"https://pbs.twimg.com/profile_background_images/432084881095417856/zlppfkZm.jpeg","protected":false,"screen_name":"rajnathsingh","id_str":"1346439824","profile_link_color":"B87B00","is_translation_enabled":false,"translator_type":"none","id":1346439824,"geo_enabled":true,"profile_background_color":"B87B00","lang":"en","has_extended_profile":false,"profile_sidebar_border_color":"FFFFFF","profile_text_color":"333333","verified":true,"profile_image_url":"http://pbs.twimg.com/profile_images/431732725184073728/0MGsrciP_normal.jpeg","time_zone":"New Delhi","url":"http://t.co/vi2hmSrn9J","contributors_enabled":false,"profile_background_tile":false,"profile_banner_url":"https://pbs.twimg.com/profile_banners/1346439824/1434959156","entities":{"description":{"urls":[]},"url":{"urls":[{"display_url":"rajnathsingh.in","indices":[0,22],"expanded_url":"http://www.rajnathsingh.in","url":"http://t.co/vi2hmSrn9J"}]}},"statuses_count":2389,"follow_request_sent":false,"followers_count":4493989,"profile_use_background_image":true,"default_profile":false,"following":true,"name":"Rajnath Singh","location":"","profile_sidebar_fill_color":"DDEEF6","notifications":false},"favorited":false}