{"in_reply_to_status_id_str":null,"in_reply_to_status_id":null,"coordinates":null,"created_at":"Wed Feb 01 08:56:16 +0000 2017","truncated":false,"in_reply_to_user_id_str":null,"source":"<a href=\"https://roundteam.co\" rel=\"nofollow\">RoundTeam<\/a>","retweeted_status":{"in_reply_to_status_id_str":null,"in_reply_to_status_id":null,"coordinates":null,"created_at":"Wed Feb 01 08:52:40 +0000 2017","truncated":false,"in_reply_to_user_id_str":null,"source":"<a href=\"http://twitter.com/download/iphone\" rel=\"nofollow\">Twitter for iPhone<\/a>","retweet_count":2,"retweeted":false,"geo":null,"in_reply_to_screen_name":null,"is_quote_status":false,"entities":{"urls":[],"hashtags":[{"indices":[107,114],"text":"khou11"},{"indices":[130,138],"text":"HumpDay"}],"user_mentions":[],"symbols":[]},"id_str":"826714873635729408","in_reply_to_user_id":null,"favorite_count":4,"id":826714873635729408,"text":"Have y'all been loving this weather?! More of the same... mid to upper 70s under partly cloudy skies. 🌤⛅️🌤 #khou11 LIVE at 4:30 💁 #HumpDay","place":{"country_code":"US","country":"United States","contained_within":[],"full_name":"Houston, TX","bounding_box":{"coordinates":[[[-95.823268,29.522325],[-95.069705,29.522325],[-95.069705,30.1546646],[-95.823268,30.1546646]]],"type":"Polygon"},"place_type":"city","name":"Houston","attributes":{},"id":"1c69a67ad480e1b1","url":"https://api.twitter.com/1.1/geo/id/1c69a67ad480e1b1.json"},"contributors":null,"lang":"en","user":{"utc_offset":-28800,"friends_count":521,"profile_image_url_https":"https://pbs.twimg.com/profile_images/594500787016847360/CO3iwkxl_normal.jpg","listed_count":328,"profile_background_image_url":"http://pbs.twimg.com/profile_background_images/335133438/twitter_bg_image_2.png","default_profile_image":false,"favourites_count":5536,"description":"Wake up with me 4:30-7am #Channel11 Bach of Science AMS/NWA certified #KHOU 1st class forecast known to turn up the temp☀️","created_at":"Fri Oct 29 15:13:20 +0000 2010","is_translator":false,"profile_background_image_url_https":"https://pbs.twimg.com/profile_background_images/335133438/twitter_bg_image_2.png","protected":false,"screen_name":"chitakhou","id_str":"209622149","profile_link_color":"0084B4","is_translation_enabled":false,"translator_type":"none","id":209622149,"geo_enabled":true,"profile_background_color":"C0DEED","lang":"en","has_extended_profile":false,"profile_sidebar_border_color":"C0DEED","profile_text_color":"333333","verified":true,"profile_image_url":"http://pbs.twimg.com/profile_images/594500787016847360/CO3iwkxl_normal.jpg","time_zone":"Pacific Time (US & Canada)","url":"https://t.co/6jpjG7MjFn","contributors_enabled":false,"profile_background_tile":false,"profile_banner_url":"https://pbs.twimg.com/profile_banners/209622149/1473337034","entities":{"description":{"urls":[]},"url":{"urls":[{"display_url":"facebook.com/KHOUChitaCraft","indices":[0,23],"expanded_url":"http://www.facebook.com/KHOUChitaCraft","url":"https://t.co/6jpjG7MjFn"}]}},"statuses_count":13622,"follow_request_sent":false,"followers_count":47329,"profile_use_background_image":true,"default_profile":false,"following":false,"name":"Chita Craft","location":"Houston, TX","profile_sidebar_fill_color":"DDEEF6","notifications":false},"favorited":false},"retweet_count":2,"retweeted":false,"geo":null,"in_reply_to_screen_name":null,"is_quote_status":false,"entities":{"urls":[],"hashtags":[{"indices":[122,129],"text":"khou11"}],"user_mentions":[{"indices":[3,13],"screen_name":"chitakhou","id_str":"209622149","name":"Chita Craft","id":209622149}],"symbols":[]},"id_str":"826715782830780416","in_reply_to_user_id":null,"favorite_count":0,"id":826715782830780416,"text":"RT @chitakhou: Have y'all been loving this weather?! More of the same... mid to upper 70s under partly cloudy skies. 🌤⛅️🌤 #khou11 LIVE at 4\u2026","place":null,"contributors":null,"lang":"en","user":{"utc_offset":-21600,"friends_count":816,"profile_image_url_https":"https://pbs.twimg.com/profile_images/704777813581234178/KSQTTGiA_normal.jpg","listed_count":2475,"profile_background_image_url":"http://pbs.twimg.com/profile_background_images/293909663/twitter_bg_image_2.png","default_profile_image":false,"favourites_count":789,"description":"CBS TV affiliate and local news station in Houston, Texas. Send breaking news tips to newstips@khou.com.","created_at":"Sat Aug 09 18:33:49 +0000 2008","is_translator":false,"profile_background_image_url_https":"https://pbs.twimg.com/profile_background_images/293909663/twitter_bg_image_2.png","protected":false,"screen_name":"KHOU","id_str":"15791186","profile_link_color":"0065B3","is_translation_enabled":false,"translator_type":"none","id":15791186,"geo_enabled":true,"profile_background_color":"FFFFFF","lang":"en","has_extended_profile":false,"profile_sidebar_border_color":"A5B8DE","profile_text_color":"333333","verified":true,"profile_image_url":"http://pbs.twimg.com/profile_images/704777813581234178/KSQTTGiA_normal.jpg","time_zone":"Central Time (US & Canada)","url":"http://t.co/EOqynjipnF","contributors_enabled":false,"profile_background_tile":false,"profile_banner_url":"https://pbs.twimg.com/profile_banners/15791186/1485030064","entities":{"description":{"urls":[]},"url":{"urls":[{"display_url":"khou.com","indices":[0,22],"expanded_url":"http://www.khou.com","url":"http://t.co/EOqynjipnF"}]}},"statuses_count":213630,"follow_request_sent":false,"followers_count":491717,"profile_use_background_image":true,"default_profile":false,"following":true,"name":"KHOU 11 News Houston","location":"Houston, TX","profile_sidebar_fill_color":"DCEDFA","notifications":false},"favorited":false}