{"possibly_sensitive_appealable":false,"extended_entities":{"media":[{"display_url":"pic.twitter.com/RcDb3Ou699","indices":[64,87],"sizes":{"small":{"w":680,"h":383,"resize":"fit"},"large":{"w":1280,"h":720,"resize":"fit"},"thumb":{"w":150,"h":150,"resize":"crop"},"medium":{"w":1200,"h":675,"resize":"fit"}},"id_str":"826746921213624320","expanded_url":"https://twitter.com/KPRC2/status/826746937873461248/photo/1","media_url_https":"https://pbs.twimg.com/media/C3kx8c4WAAAgdBk.jpg","id":826746921213624320,"type":"photo","media_url":"http://pbs.twimg.com/media/C3kx8c4WAAAgdBk.jpg","url":"https://t.co/RcDb3Ou699"}]},"in_reply_to_status_id_str":null,"in_reply_to_status_id":null,"created_at":"Wed Feb 01 11:00:04 +0000 2017","in_reply_to_user_id_str":null,"source":"<a href=\"http://www.socialnewsdesk.com\" rel=\"nofollow\">SocialNewsDesk<\/a>","retweet_count":0,"retweeted":false,"geo":null,"in_reply_to_screen_name":null,"is_quote_status":false,"id_str":"826746937873461248","in_reply_to_user_id":null,"favorite_count":1,"id":826746937873461248,"text":"How to spot fraudulent IRS calls https://t.co/YiLAZIaPq4 #kprc2 https://t.co/RcDb3Ou699","place":null,"lang":"en","favorited":false,"possibly_sensitive":false,"coordinates":null,"truncated":false,"entities":{"urls":[{"display_url":"bit.ly/2kON27Q","indices":[33,56],"expanded_url":"http://bit.ly/2kON27Q","url":"https://t.co/YiLAZIaPq4"}],"hashtags":[{"indices":[57,63],"text":"kprc2"}],"media":[{"display_url":"pic.twitter.com/RcDb3Ou699","indices":[64,87],"sizes":{"small":{"w":680,"h":383,"resize":"fit"},"large":{"w":1280,"h":720,"resize":"fit"},"thumb":{"w":150,"h":150,"resize":"crop"},"medium":{"w":1200,"h":675,"resize":"fit"}},"id_str":"826746921213624320","expanded_url":"https://twitter.com/KPRC2/status/826746937873461248/photo/1","media_url_https":"https://pbs.twimg.com/media/C3kx8c4WAAAgdBk.jpg","id":826746921213624320,"type":"photo","media_url":"http://pbs.twimg.com/media/C3kx8c4WAAAgdBk.jpg","url":"https://t.co/RcDb3Ou699"}],"user_mentions":[],"symbols":[]},"contributors":null,"user":{"utc_offset":-21600,"friends_count":1528,"profile_image_url_https":"https://pbs.twimg.com/profile_images/768129436067639296/nJf4pAq7_normal.jpg","listed_count":1863,"profile_background_image_url":"http://abs.twimg.com/images/themes/theme14/bg.gif","default_profile_image":false,"favourites_count":2345,"description":"NBC TV affiliate and local news station in #Houston. #BreakingNews #HoustonWeather #KPRC2 | Follow more KPRC reporters: https://t.co/JAXNTw83eB","created_at":"Mon Mar 30 04:25:49 +0000 2009","is_translator":false,"profile_background_image_url_https":"https://abs.twimg.com/images/themes/theme14/bg.gif","protected":false,"screen_name":"KPRC2","id_str":"27583598","profile_link_color":"009999","is_translation_enabled":false,"translator_type":"none","id":27583598,"geo_enabled":true,"profile_background_color":"131516","lang":"en","has_extended_profile":false,"profile_sidebar_border_color":"EEEEEE","profile_text_color":"333333","verified":true,"profile_image_url":"http://pbs.twimg.com/profile_images/768129436067639296/nJf4pAq7_normal.jpg","time_zone":"Central Time (US & Canada)","url":"http://t.co/RlxquXwsWX","contributors_enabled":false,"profile_background_tile":true,"profile_banner_url":"https://pbs.twimg.com/profile_banners/27583598/1471953984","entities":{"description":{"urls":[{"display_url":"bit.ly/1Rwg7wG","indices":[120,143],"expanded_url":"http://bit.ly/1Rwg7wG","url":"https://t.co/JAXNTw83eB"}]},"url":{"urls":[{"display_url":"click2houston.com","indices":[0,22],"expanded_url":"http://www.click2houston.com","url":"http://t.co/RlxquXwsWX"}]}},"statuses_count":126176,"follow_request_sent":false,"followers_count":435069,"profile_use_background_image":true,"default_profile":false,"following":true,"name":"KPRC 2 Houston","location":"Houston, TX","profile_sidebar_fill_color":"EFEFEF","notifications":false}}