{"possibly_sensitive_appealable":false,"in_reply_to_status_id_str":null,"in_reply_to_status_id":null,"created_at":"Wed Feb 01 10:26:34 +0000 2017","in_reply_to_user_id_str":null,"source":"<a href=\"http://twitter.com\" rel=\"nofollow\">Twitter Web Client<\/a>","retweet_count":624,"retweeted":false,"geo":null,"in_reply_to_screen_name":null,"is_quote_status":false,"id_str":"826738507800473600","in_reply_to_user_id":null,"favorite_count":1899,"id":826738507800473600,"text":"This year's Budget will transform, energise India &amp; clean the economy from impediments that affect growth.\u2026 https://t.co/NRX87jV0lc","place":null,"lang":"en","favorited":false,"possibly_sensitive":false,"coordinates":null,"truncated":true,"entities":{"urls":[{"display_url":"twitter.com/i/web/status/8\u2026","indices":[112,135],"expanded_url":"https://twitter.com/i/web/status/826738507800473600","url":"https://t.co/NRX87jV0lc"}],"hashtags":[],"user_mentions":[],"symbols":[]},"contributors":null,"user":{"utc_offset":19800,"friends_count":1641,"profile_image_url_https":"https://pbs.twimg.com/profile_images/718314968102367232/ypY1GPCQ_normal.jpg","listed_count":20229,"profile_background_image_url":"http://pbs.twimg.com/profile_background_images/562185004696875009/DiiHx54g.jpeg","default_profile_image":false,"favourites_count":0,"description":"Prime Minister of India","created_at":"Sat Jan 10 17:18:56 +0000 2009","is_translator":false,"profile_background_image_url_https":"https://pbs.twimg.com/profile_background_images/562185004696875009/DiiHx54g.jpeg","protected":false,"screen_name":"narendramodi","id_str":"18839785","profile_link_color":"4E7096","is_translation_enabled":false,"translator_type":"regular","id":18839785,"geo_enabled":false,"profile_background_color":"F4EDD4","lang":"en","has_extended_profile":true,"profile_sidebar_border_color":"FFFFFF","profile_text_color":"233863","verified":true,"profile_image_url":"http://pbs.twimg.com/profile_images/718314968102367232/ypY1GPCQ_normal.jpg","time_zone":"New Delhi","url":"http://t.co/i7NW4Bof2G","contributors_enabled":false,"profile_background_tile":false,"profile_banner_url":"https://pbs.twimg.com/profile_banners/18839785/1471243839","entities":{"description":{"urls":[]},"url":{"urls":[{"display_url":"narendramodi.in","indices":[0,22],"expanded_url":"http://www.narendramodi.in","url":"http://t.co/i7NW4Bof2G"}]}},"statuses_count":13906,"follow_request_sent":false,"followers_count":26826653,"profile_use_background_image":true,"default_profile":false,"following":true,"name":"Narendra Modi","location":"India","profile_sidebar_fill_color":"D5DFED","notifications":false}}