{"possibly_sensitive_appealable":false,"in_reply_to_status_id_str":null,"in_reply_to_status_id":null,"created_at":"Wed Feb 01 09:45:03 +0000 2017","in_reply_to_user_id_str":null,"source":"<a href=\"http://www.spredfast.com\" rel=\"nofollow\">Spredfast app<\/a>","retweet_count":80,"retweeted":false,"geo":null,"in_reply_to_screen_name":null,"is_quote_status":false,"id_str":"826728056622608384","in_reply_to_user_id":null,"favorite_count":185,"id":826728056622608384,"text":"Photo of the Day: Bird's Eye View\nhttps://t.co/PnaBTAUSzj #photography #pod","place":null,"lang":"en","favorited":false,"possibly_sensitive":false,"coordinates":null,"truncated":false,"entities":{"urls":[{"display_url":"on.natgeo.com/2kQ5IUU","indices":[34,57],"expanded_url":"http://on.natgeo.com/2kQ5IUU","url":"https://t.co/PnaBTAUSzj"}],"hashtags":[{"indices":[58,70],"text":"photography"},{"indices":[71,75],"text":"pod"}],"user_mentions":[],"symbols":[]},"contributors":null,"user":{"utc_offset":-18000,"friends_count":18,"profile_image_url_https":"https://pbs.twimg.com/profile_images/798181194202566656/U8QbCBdH_normal.jpg","listed_count":61100,"profile_background_image_url":"http://pbs.twimg.com/profile_background_images/502135013379301376/R64Ka5Tf.jpeg","default_profile_image":false,"favourites_count":1404,"description":"Since 1888, we've traveled the Earth, sharing its amazing stories with new generations. Official Twitter account of National Geographic.","created_at":"Tue Nov 18 21:28:10 +0000 2008","is_translator":false,"profile_background_image_url_https":"https://pbs.twimg.com/profile_background_images/502135013379301376/R64Ka5Tf.jpeg","protected":false,"screen_name":"NatGeo","id_str":"17471979","profile_link_color":"F5CE23","is_translation_enabled":true,"translator_type":"regular","id":17471979,"geo_enabled":true,"profile_background_color":"292828","lang":"en","has_extended_profile":false,"profile_sidebar_border_color":"FFFFFF","profile_text_color":"333333","verified":true,"profile_image_url":"http://pbs.twimg.com/profile_images/798181194202566656/U8QbCBdH_normal.jpg","time_zone":"Eastern Time (US & Canada)","url":"http://t.co/mwaSar7U14","contributors_enabled":false,"profile_background_tile":true,"profile_banner_url":"https://pbs.twimg.com/profile_banners/17471979/1484057910","entities":{"description":{"urls":[]},"url":{"urls":[{"display_url":"nationalgeographic.com","indices":[0,22],"expanded_url":"http://www.nationalgeographic.com/","url":"http://t.co/mwaSar7U14"}]}},"statuses_count":35202,"follow_request_sent":false,"followers_count":15306663,"profile_use_background_image":false,"default_profile":false,"following":true,"name":"National Geographic","location":"Global","profile_sidebar_fill_color":"DDEEF6","notifications":false}}