{"possibly_sensitive_appealable":false,"in_reply_to_status_id_str":null,"in_reply_to_status_id":null,"created_at":"Wed Feb 01 09:05:15 +0000 2017","in_reply_to_user_id_str":null,"source":"<a href=\"http://www.socialflow.com\" rel=\"nofollow\">SocialFlow<\/a>","retweet_count":30,"retweeted":false,"geo":null,"in_reply_to_screen_name":null,"is_quote_status":false,"id_str":"826718041283125248","in_reply_to_user_id":null,"favorite_count":37,"id":826718041283125248,"text":"On any other issue, tech might have chosen to compromise or push the law to its limits. But not now. Not this. https://t.co/P4yRVx9n1f","place":null,"lang":"en","favorited":false,"possibly_sensitive":false,"coordinates":null,"truncated":false,"entities":{"urls":[{"display_url":"bit.ly/2jssCok","indices":[111,134],"expanded_url":"http://bit.ly/2jssCok","url":"https://t.co/P4yRVx9n1f"}],"hashtags":[],"user_mentions":[],"symbols":[]},"contributors":null,"user":{"utc_offset":-28800,"friends_count":275,"profile_image_url_https":"https://pbs.twimg.com/profile_images/615598832726970372/jsK-gBSt_normal.png","listed_count":88841,"profile_background_image_url":"http://pbs.twimg.com/profile_background_images/734548027/5e5ee18945d22a9e2d9971208971bfdd.jpeg","default_profile_image":false,"favourites_count":1714,"description":"WIRED is where tomorrow is realized.","created_at":"Sat Mar 17 09:57:25 +0000 2007","is_translator":false,"profile_background_image_url_https":"https://pbs.twimg.com/profile_background_images/734548027/5e5ee18945d22a9e2d9971208971bfdd.jpeg","protected":false,"screen_name":"WIRED","id_str":"1344951","profile_link_color":"99DCF0","is_translation_enabled":true,"translator_type":"none","id":1344951,"geo_enabled":false,"profile_background_color":"000000","lang":"en","has_extended_profile":false,"profile_sidebar_border_color":"FFFFFF","profile_text_color":"000000","verified":true,"profile_image_url":"http://pbs.twimg.com/profile_images/615598832726970372/jsK-gBSt_normal.png","time_zone":"Pacific Time (US & Canada)","url":"http://t.co/AbRkBRjcYo","contributors_enabled":false,"profile_background_tile":false,"profile_banner_url":"https://pbs.twimg.com/profile_banners/1344951/1484671166","entities":{"description":{"urls":[]},"url":{"urls":[{"display_url":"WIRED.com","indices":[0,22],"expanded_url":"http://WIRED.com","url":"http://t.co/AbRkBRjcYo"}]}},"statuses_count":73548,"follow_request_sent":false,"followers_count":7921949,"profile_use_background_image":false,"default_profile":false,"following":true,"name":"WIRED","location":"San Francisco/New York","profile_sidebar_fill_color":"EEEEEE","notifications":false}}