{"in_reply_to_status_id_str":null,"in_reply_to_status_id":null,"coordinates":null,"created_at":"Wed Feb 01 11:08:23 +0000 2017","truncated":false,"in_reply_to_user_id_str":null,"source":"<a href=\"https://roundteam.co\" rel=\"nofollow\">RoundTeam<\/a>","retweeted_status":{"possibly_sensitive_appealable":false,"in_reply_to_status_id_str":null,"in_reply_to_status_id":null,"created_at":"Wed Feb 01 11:03:56 +0000 2017","in_reply_to_user_id_str":null,"source":"<a href=\"https://about.twitter.com/products/tweetdeck\" rel=\"nofollow\">TweetDeck<\/a>","retweet_count":1,"retweeted":false,"geo":null,"in_reply_to_screen_name":null,"is_quote_status":false,"id_str":"826747908208861184","in_reply_to_user_id":null,"favorite_count":2,"id":826747908208861184,"text":"Remember that time @DarbyKHOU showed us what a Lady Gaga Wardrobe Change would look like on @KHOU? #khou11\u2026 https://t.co/yZZcAL9taL","place":null,"lang":"en","favorited":false,"possibly_sensitive":false,"coordinates":null,"truncated":true,"entities":{"urls":[{"display_url":"twitter.com/i/web/status/8\u2026","indices":[108,131],"expanded_url":"https://twitter.com/i/web/status/826747908208861184","url":"https://t.co/yZZcAL9taL"}],"hashtags":[{"indices":[99,106],"text":"khou11"}],"user_mentions":[{"indices":[19,29],"screen_name":"DarbyKHOU","id_str":"257423331","name":"Darby Douglas","id":257423331},{"indices":[92,97],"screen_name":"KHOU","id_str":"15791186","name":"KHOU 11 News Houston","id":15791186}],"symbols":[]},"contributors":null,"user":{"utc_offset":null,"friends_count":1417,"profile_image_url_https":"https://pbs.twimg.com/profile_images/821749677636853762/cqAVkWIi_normal.jpg","listed_count":68,"profile_background_image_url":"http://abs.twimg.com/images/themes/theme1/bg.png","default_profile_image":false,"favourites_count":540,"description":"Asst. ND/Exec Producer at @KHOU in Houston, TX. Send story ideas to wpost@khou.com RT & Links ≠ Endorsement Follow at @wileypost1 for beer, #rctid, Zags & more!","created_at":"Fri Oct 03 10:20:32 +0000 2014","is_translator":false,"profile_background_image_url_https":"https://abs.twimg.com/images/themes/theme1/bg.png","protected":false,"screen_name":"WileyPostKHOU","id_str":"2801686349","profile_link_color":"3B94D9","is_translation_enabled":false,"translator_type":"none","id":2801686349,"geo_enabled":true,"profile_background_color":"000000","lang":"en","has_extended_profile":false,"profile_sidebar_border_color":"000000","profile_text_color":"000000","verified":false,"profile_image_url":"http://pbs.twimg.com/profile_images/821749677636853762/cqAVkWIi_normal.jpg","time_zone":null,"url":"https://t.co/VFd3ErCa0V","contributors_enabled":false,"profile_background_tile":false,"profile_banner_url":"https://pbs.twimg.com/profile_banners/2801686349/1484323241","entities":{"description":{"urls":[]},"url":{"urls":[{"display_url":"khou.com","indices":[0,23],"expanded_url":"http://www.khou.com","url":"https://t.co/VFd3ErCa0V"}]}},"statuses_count":8976,"follow_request_sent":false,"followers_count":1276,"profile_use_background_image":false,"default_profile":false,"following":false,"name":"Wiley Post","location":"Houston, TX","profile_sidebar_fill_color":"000000","notifications":false}},"retweet_count":1,"retweeted":false,"geo":null,"in_reply_to_screen_name":null,"is_quote_status":false,"entities":{"urls":[],"hashtags":[{"indices":[118,125],"text":"khou11"}],"user_mentions":[{"indices":[3,17],"screen_name":"WileyPostKHOU","id_str":"2801686349","name":"Wiley Post","id":2801686349},{"indices":[38,48],"screen_name":"DarbyKHOU","id_str":"257423331","name":"Darby Douglas","id":257423331},{"indices":[111,116],"screen_name":"KHOU","id_str":"15791186","name":"KHOU 11 News Houston","id":15791186},{"indices":[126,135],"screen_name":"LisaKHOU","id_str":"381721212","name":"Lisa Hernandez","id":381721212}],"symbols":[]},"id_str":"826749031204450305","in_reply_to_user_id":null,"favorite_count":0,"id":826749031204450305,"text":"RT @WileyPostKHOU: Remember that time @DarbyKHOU showed us what a Lady Gaga Wardrobe Change would look like on @KHOU? #khou11 @LisaKHOU @Ru\u2026","place":null,"contributors":null,"lang":"en","user":{"utc_offset":-21600,"friends_count":816,"profile_image_url_https":"https://pbs.twimg.com/profile_images/704777813581234178/KSQTTGiA_normal.jpg","listed_count":2474,"profile_background_image_url":"http://pbs.twimg.com/profile_background_images/293909663/twitter_bg_image_2.png","default_profile_image":false,"favourites_count":789,"description":"CBS TV affiliate and local news station in Houston, Texas. Send breaking news tips to newstips@khou.com.","created_at":"Sat Aug 09 18:33:49 +0000 2008","is_translator":false,"profile_background_image_url_https":"https://pbs.twimg.com/profile_background_images/293909663/twitter_bg_image_2.png","protected":false,"screen_name":"KHOU","id_str":"15791186","profile_link_color":"0065B3","is_translation_enabled":false,"translator_type":"none","id":15791186,"geo_enabled":true,"profile_background_color":"FFFFFF","lang":"en","has_extended_profile":false,"profile_sidebar_border_color":"A5B8DE","profile_text_color":"333333","verified":true,"profile_image_url":"http://pbs.twimg.com/profile_images/704777813581234178/KSQTTGiA_normal.jpg","time_zone":"Central Time (US & Canada)","url":"http://t.co/EOqynjipnF","contributors_enabled":false,"profile_background_tile":false,"profile_banner_url":"https://pbs.twimg.com/profile_banners/15791186/1485030064","entities":{"description":{"urls":[]},"url":{"urls":[{"display_url":"khou.com","indices":[0,22],"expanded_url":"http://www.khou.com","url":"http://t.co/EOqynjipnF"}]}},"statuses_count":213636,"follow_request_sent":false,"followers_count":491718,"profile_use_background_image":true,"default_profile":false,"following":true,"name":"KHOU 11 News Houston","location":"Houston, TX","profile_sidebar_fill_color":"DCEDFA","notifications":false},"favorited":false}