{"possibly_sensitive_appealable":false,"in_reply_to_status_id_str":null,"in_reply_to_status_id":null,"created_at":"Wed Feb 01 10:59:31 +0000 2017","in_reply_to_user_id_str":null,"source":"<a href=\"http://twitter.com/download/iphone\" rel=\"nofollow\">Twitter for iPhone<\/a>","retweet_count":37,"retweeted":false,"geo":null,"in_reply_to_screen_name":null,"is_quote_status":false,"id_str":"826746797519364096","in_reply_to_user_id":null,"favorite_count":179,"id":826746797519364096,"text":"Addressing a Press Conference on the Union Budget 2017-18, February 1, 2017 https://t.co/AukGxrpPyp","place":null,"lang":"en","favorited":false,"possibly_sensitive":false,"coordinates":null,"truncated":false,"entities":{"urls":[{"display_url":"youtu.be/CTa1T8tyneQ","indices":[76,99],"expanded_url":"https://youtu.be/CTa1T8tyneQ","url":"https://t.co/AukGxrpPyp"}],"hashtags":[],"user_mentions":[],"symbols":[]},"contributors":null,"user":{"utc_offset":19800,"friends_count":161,"profile_image_url_https":"https://pbs.twimg.com/profile_images/378800000828197225/f1d53aeab8f0534c7d73b0fbd5651130_normal.png","listed_count":2449,"profile_background_image_url":"http://pbs.twimg.com/profile_background_images/435323108472266752/WlE9bP_p.jpeg","default_profile_image":false,"favourites_count":24,"description":"Minister of Finance & Corporate Affairs, Government of India","created_at":"Sat Nov 09 07:33:10 +0000 2013","is_translator":false,"profile_background_image_url_https":"https://pbs.twimg.com/profile_background_images/435323108472266752/WlE9bP_p.jpeg","protected":false,"screen_name":"arunjaitley","id_str":"2183816041","profile_link_color":"0084B4","is_translation_enabled":false,"translator_type":"none","id":2183816041,"geo_enabled":true,"profile_background_color":"BF5B0D","lang":"en","has_extended_profile":true,"profile_sidebar_border_color":"FFFFFF","profile_text_color":"333333","verified":true,"profile_image_url":"http://pbs.twimg.com/profile_images/378800000828197225/f1d53aeab8f0534c7d73b0fbd5651130_normal.png","time_zone":"Chennai","url":"https://t.co/IkrHmWcB4t","contributors_enabled":false,"profile_background_tile":false,"profile_banner_url":"https://pbs.twimg.com/profile_banners/2183816041/1479566181","entities":{"description":{"urls":[]},"url":{"urls":[{"display_url":"on.fb.me/Ohlwz0","indices":[0,23],"expanded_url":"http://on.fb.me/Ohlwz0","url":"https://t.co/IkrHmWcB4t"}]}},"statuses_count":1730,"follow_request_sent":false,"followers_count":6620727,"profile_use_background_image":true,"default_profile":false,"following":true,"name":"Arun Jaitley","location":"New Delhi","profile_sidebar_fill_color":"DDEEF6","notifications":false}}