{"possibly_sensitive_appealable":false,"in_reply_to_status_id_str":null,"in_reply_to_status_id":null,"created_at":"Wed Feb 01 16:08:27 +0000 2017","in_reply_to_user_id_str":null,"source":"<a href=\"http://twitter.com\" rel=\"nofollow\">Twitter Web Client<\/a>","retweeted_status":{"possibly_sensitive_appealable":false,"in_reply_to_status_id_str":null,"in_reply_to_status_id":null,"created_at":"Tue Jan 31 15:16:50 +0000 2017","in_reply_to_user_id_str":null,"source":"<a href=\"http://twitter.com\" rel=\"nofollow\">Twitter Web Client<\/a>","retweet_count":14,"retweeted":false,"geo":null,"in_reply_to_screen_name":null,"is_quote_status":false,"id_str":"826449164057853952","in_reply_to_user_id":null,"favorite_count":20,"id":826449164057853952,"text":"The dawn of personalized, on-demand #transportation is here, but are we ready for it? Read more\u2026 https://t.co/zFdCPMk3Ae","place":null,"lang":"en","favorited":false,"possibly_sensitive":false,"coordinates":null,"truncated":true,"entities":{"urls":[{"display_url":"twitter.com/i/web/status/8\u2026","indices":[97,120],"expanded_url":"https://twitter.com/i/web/status/826449164057853952","url":"https://t.co/zFdCPMk3Ae"}],"hashtags":[{"indices":[36,51],"text":"transportation"}],"user_mentions":[],"symbols":[]},"contributors":null,"user":{"utc_offset":-28800,"friends_count":912,"profile_image_url_https":"https://pbs.twimg.com/profile_images/758377358164385795/hqoCqRFN_normal.jpg","listed_count":1221,"profile_background_image_url":"http://pbs.twimg.com/profile_background_images/644528850618068993/Im_4h4kW.png","default_profile_image":false,"favourites_count":824,"description":"Ideas, Intelligence, Events, and Promotions from\r\n@WIRED.","created_at":"Mon Apr 13 17:58:42 +0000 2009","is_translator":false,"profile_background_image_url_https":"https://pbs.twimg.com/profile_background_images/644528850618068993/Im_4h4kW.png","protected":false,"screen_name":"WIREDInsider","id_str":"30915849","profile_link_color":"00C4FF","is_translation_enabled":false,"translator_type":"none","id":30915849,"geo_enabled":true,"profile_background_color":"169E5E","lang":"en","has_extended_profile":false,"profile_sidebar_border_color":"000000","profile_text_color":"333333","verified":true,"profile_image_url":"http://pbs.twimg.com/profile_images/758377358164385795/hqoCqRFN_normal.jpg","time_zone":"Pacific Time (US & Canada)","url":"http://t.co/uvctcI9g7o","contributors_enabled":false,"profile_background_tile":false,"profile_banner_url":"https://pbs.twimg.com/profile_banners/30915849/1469646216","entities":{"description":{"urls":[]},"url":{"urls":[{"display_url":"wiredinsider.com","indices":[0,22],"expanded_url":"http://www.wiredinsider.com","url":"http://t.co/uvctcI9g7o"}]}},"statuses_count":16110,"follow_request_sent":false,"followers_count":58405,"profile_use_background_image":true,"default_profile":false,"following":false,"name":"WIRED Insider","location":"","profile_sidebar_fill_color":"FAFAFA","notifications":false}},"retweet_count":14,"retweeted":false,"geo":null,"in_reply_to_screen_name":null,"is_quote_status":false,"id_str":"826824543599751180","in_reply_to_user_id":null,"favorite_count":0,"id":826824543599751180,"text":"RT @WIREDInsider: The dawn of personalized, on-demand #transportation is here, but are we ready for it? Read more https://t.co/FW8mMTvZSB h\u2026","place":null,"lang":"en","favorited":false,"possibly_sensitive":false,"coordinates":null,"truncated":false,"entities":{"urls":[{"display_url":"trib.al/d0EAHua","indices":[114,137],"expanded_url":"http://trib.al/d0EAHua","url":"https://t.co/FW8mMTvZSB"}],"hashtags":[{"indices":[54,69],"text":"transportation"}],"user_mentions":[{"indices":[3,16],"screen_name":"WIREDInsider","id_str":"30915849","name":"WIRED Insider","id":30915849}],"symbols":[]},"contributors":null,"user":{"utc_offset":-28800,"friends_count":275,"profile_image_url_https":"https://pbs.twimg.com/profile_images/615598832726970372/jsK-gBSt_normal.png","listed_count":88917,"profile_background_image_url":"http://pbs.twimg.com/profile_background_images/734548027/5e5ee18945d22a9e2d9971208971bfdd.jpeg","default_profile_image":false,"favourites_count":1714,"description":"WIRED is where tomorrow is realized.","created_at":"Sat Mar 17 09:57:25 +0000 2007","is_translator":false,"profile_background_image_url_https":"https://pbs.twimg.com/profile_background_images/734548027/5e5ee18945d22a9e2d9971208971bfdd.jpeg","protected":false,"screen_name":"WIRED","id_str":"1344951","profile_link_color":"99DCF0","is_translation_enabled":true,"translator_type":"none","id":1344951,"geo_enabled":false,"profile_background_color":"000000","lang":"en","has_extended_profile":false,"profile_sidebar_border_color":"FFFFFF","profile_text_color":"000000","verified":true,"profile_image_url":"http://pbs.twimg.com/profile_images/615598832726970372/jsK-gBSt_normal.png","time_zone":"Pacific Time (US & Canada)","url":"http://t.co/AbRkBRjcYo","contributors_enabled":false,"profile_background_tile":false,"profile_banner_url":"https://pbs.twimg.com/profile_banners/1344951/1484671166","entities":{"description":{"urls":[]},"url":{"urls":[{"display_url":"WIRED.com","indices":[0,22],"expanded_url":"http://WIRED.com","url":"http://t.co/AbRkBRjcYo"}]}},"statuses_count":73562,"follow_request_sent":false,"followers_count":7923115,"profile_use_background_image":false,"default_profile":false,"following":true,"name":"WIRED","location":"San Francisco/New York","profile_sidebar_fill_color":"EEEEEE","notifications":false}}