{"possibly_sensitive_appealable":false,"in_reply_to_status_id_str":null,"in_reply_to_status_id":null,"created_at":"Wed Feb 01 17:00:00 +0000 2017","in_reply_to_user_id_str":null,"source":"<a href=\"http://dashboard.twitter.com\" rel=\"nofollow\">Twitter Dashboard for iPhone<\/a>","retweet_count":85,"retweeted":false,"geo":null,"in_reply_to_screen_name":null,"is_quote_status":false,"id_str":"826837517949231105","in_reply_to_user_id":null,"favorite_count":202,"id":826837517949231105,"text":"#Texans DE J.J. Watt finished rehab from back surgery and is ready for regular offseason training.\n\n📰:\u2026 https://t.co/pm62uR9OoR","place":null,"lang":"en","favorited":false,"possibly_sensitive":false,"coordinates":null,"truncated":true,"entities":{"urls":[{"display_url":"twitter.com/i/web/status/8\u2026","indices":[104,127],"expanded_url":"https://twitter.com/i/web/status/826837517949231105","url":"https://t.co/pm62uR9OoR"}],"hashtags":[{"indices":[0,7],"text":"Texans"}],"user_mentions":[],"symbols":[]},"contributors":null,"user":{"utc_offset":-25200,"friends_count":329,"profile_image_url_https":"https://pbs.twimg.com/profile_images/788045424644988928/FSGUPTD5_normal.jpg","listed_count":5800,"profile_background_image_url":"http://pbs.twimg.com/profile_background_images/521696975222108160/YW3mA5_Q.jpeg","default_profile_image":false,"favourites_count":895,"description":"Official Twitter account of the Houston Texans. Add #Texans on Snapchat: https://t.co/TZ4yZUKWwe #WeAreTexans","created_at":"Tue Dec 23 16:52:40 +0000 2008","is_translator":false,"profile_background_image_url_https":"https://pbs.twimg.com/profile_background_images/521696975222108160/YW3mA5_Q.jpeg","protected":false,"screen_name":"HoustonTexans","id_str":"18336787","profile_link_color":"6B0001","is_translation_enabled":false,"translator_type":"none","id":18336787,"geo_enabled":true,"profile_background_color":"000000","lang":"en","has_extended_profile":false,"profile_sidebar_border_color":"FFFFFF","profile_text_color":"333333","verified":true,"profile_image_url":"http://pbs.twimg.com/profile_images/788045424644988928/FSGUPTD5_normal.jpg","time_zone":"Mountain Time (US & Canada)","url":"https://t.co/DYNzl6FaRP","contributors_enabled":false,"profile_background_tile":false,"profile_banner_url":"https://pbs.twimg.com/profile_banners/18336787/1398720807","entities":{"description":{"urls":[{"display_url":"bit.ly/addtexans","indices":[73,96],"expanded_url":"http://bit.ly/addtexans","url":"https://t.co/TZ4yZUKWwe"}]},"url":{"urls":[{"display_url":"houstontexans.com","indices":[0,23],"expanded_url":"http://www.houstontexans.com","url":"https://t.co/DYNzl6FaRP"}]}},"statuses_count":42080,"follow_request_sent":false,"followers_count":1296232,"profile_use_background_image":true,"default_profile":false,"following":true,"name":"Houston Texans","location":"Houston, TX","profile_sidebar_fill_color":"F1F1F1","notifications":false}}