{"in_reply_to_status_id_str":null,"in_reply_to_status_id":null,"coordinates":null,"created_at":"Wed Feb 01 17:18:26 +0000 2017","truncated":false,"in_reply_to_user_id_str":null,"source":"<a href=\"http://twitter.com\" rel=\"nofollow\">Twitter Web Client<\/a>","retweeted_status":{"possibly_sensitive_appealable":false,"extended_entities":{"media":[{"display_url":"pic.twitter.com/ct5MtFHohL","indices":[110,133],"sizes":{"small":{"w":340,"h":191,"resize":"fit"},"large":{"w":1024,"h":576,"resize":"fit"},"thumb":{"w":150,"h":150,"resize":"crop"},"medium":{"w":600,"h":338,"resize":"fit"}},"id_str":"826836451358748677","expanded_url":"https://twitter.com/KPRCBrandon/status/826836657185943552/video/1","media_url_https":"https://pbs.twimg.com/ext_tw_video_thumb/826836451358748677/pu/img/KiHoJ-4veCFCxA1A.jpg","id":826836451358748677,"type":"video","additional_media_info":{"monetizable":false},"media_url":"http://pbs.twimg.com/ext_tw_video_thumb/826836451358748677/pu/img/KiHoJ-4veCFCxA1A.jpg","url":"https://t.co/ct5MtFHohL","video_info":{"aspect_ratio":[16,9],"duration_millis":22902,"variants":[{"content_type":"video/mp4","bitrate":2176000,"url":"https://video.twimg.com/ext_tw_video/826836451358748677/pu/vid/1280x720/xSzvNiu0ZLcTUFLv.mp4"},{"content_type":"video/mp4","bitrate":320000,"url":"https://video.twimg.com/ext_tw_video/826836451358748677/pu/vid/320x180/1mJ4_MfkGQejoDlQ.mp4"},{"content_type":"video/mp4","bitrate":832000,"url":"https://video.twimg.com/ext_tw_video/826836451358748677/pu/vid/640x360/xHmRzlQdh7IS8Vmp.mp4"},{"content_type":"application/x-mpegURL","url":"https://video.twimg.com/ext_tw_video/826836451358748677/pu/pl/Q0mNss_Wf9q8Mw8U.m3u8"},{"content_type":"application/dash+xml","url":"https://video.twimg.com/ext_tw_video/826836451358748677/pu/pl/Q0mNss_Wf9q8Mw8U.mpd"}]}}]},"in_reply_to_status_id_str":null,"in_reply_to_status_id":null,"created_at":"Wed Feb 01 16:56:35 +0000 2017","in_reply_to_user_id_str":null,"source":"<a href=\"http://twitter.com/download/android\" rel=\"nofollow\">Twitter for Android<\/a>","retweet_count":3,"retweeted":false,"geo":null,"in_reply_to_screen_name":null,"is_quote_status":false,"id_str":"826836657185943552","in_reply_to_user_id":null,"favorite_count":4,"id":826836657185943552,"text":"Visitors to #Hou get a warm welcome at @iah from Nimitz High School chearleeding squad. @KPRC2 #SuperBowl2017 https://t.co/ct5MtFHohL","place":null,"lang":"en","favorited":false,"possibly_sensitive":false,"coordinates":null,"truncated":false,"entities":{"urls":[],"hashtags":[{"indices":[12,16],"text":"Hou"},{"indices":[95,109],"text":"SuperBowl2017"}],"media":[{"display_url":"pic.twitter.com/ct5MtFHohL","indices":[110,133],"sizes":{"small":{"w":340,"h":191,"resize":"fit"},"large":{"w":1024,"h":576,"resize":"fit"},"thumb":{"w":150,"h":150,"resize":"crop"},"medium":{"w":600,"h":338,"resize":"fit"}},"id_str":"826836451358748677","expanded_url":"https://twitter.com/KPRCBrandon/status/826836657185943552/video/1","media_url_https":"https://pbs.twimg.com/ext_tw_video_thumb/826836451358748677/pu/img/KiHoJ-4veCFCxA1A.jpg","id":826836451358748677,"type":"photo","media_url":"http://pbs.twimg.com/ext_tw_video_thumb/826836451358748677/pu/img/KiHoJ-4veCFCxA1A.jpg","url":"https://t.co/ct5MtFHohL"}],"user_mentions":[{"indices":[39,43],"screen_name":"iah","id_str":"154566409","name":"Houston Bush Airport","id":154566409},{"indices":[88,94],"screen_name":"KPRC2","id_str":"27583598","name":"KPRC 2 Houston","id":27583598}],"symbols":[]},"contributors":null,"user":{"utc_offset":-18000,"friends_count":1934,"profile_image_url_https":"https://pbs.twimg.com/profile_images/789324640573280256/wi-H5msx_normal.jpg","listed_count":78,"profile_background_image_url":"http://pbs.twimg.com/profile_background_images/42036840/neworleans.jpg","default_profile_image":false,"favourites_count":3078,"description":"Houston-based reporter at @KPRC2 #NOLA born and bred. Proud #purpleknight. @CarletonCollege and @ColumbiaJourn alum. bwalker@kprc.com for story ideas/tips","created_at":"Fri Oct 02 17:01:46 +0000 2009","is_translator":false,"profile_background_image_url_https":"https://pbs.twimg.com/profile_background_images/42036840/neworleans.jpg","protected":false,"screen_name":"KPRCBrandon","id_str":"79229612","profile_link_color":"0084B4","is_translation_enabled":false,"translator_type":"none","id":79229612,"geo_enabled":false,"profile_background_color":"C4F1FF","lang":"en","has_extended_profile":false,"profile_sidebar_border_color":"C0DEED","profile_text_color":"333333","verified":false,"profile_image_url":"http://pbs.twimg.com/profile_images/789324640573280256/wi-H5msx_normal.jpg","time_zone":"Quito","url":"https://t.co/Op0qcAVTGb","contributors_enabled":false,"profile_background_tile":false,"profile_banner_url":"https://pbs.twimg.com/profile_banners/79229612/1453099716","entities":{"description":{"urls":[]},"url":{"urls":[{"display_url":"click2houston.com","indices":[0,23],"expanded_url":"http://www.click2houston.com","url":"https://t.co/Op0qcAVTGb"}]}},"statuses_count":7937,"follow_request_sent":false,"followers_count":2138,"profile_use_background_image":true,"default_profile":false,"following":false,"name":"Brandon Walker","location":"Houston, Texas","profile_sidebar_fill_color":"DDEEF6","notifications":false}},"retweet_count":3,"retweeted":false,"geo":null,"in_reply_to_screen_name":null,"is_quote_status":false,"entities":{"urls":[],"hashtags":[{"indices":[29,33],"text":"Hou"},{"indices":[112,126],"text":"SuperBowl2017"}],"user_mentions":[{"indices":[3,15],"screen_name":"KPRCBrandon","id_str":"79229612","name":"Brandon Walker","id":79229612},{"indices":[56,60],"screen_name":"iah","id_str":"154566409","name":"Houston Bush Airport","id":154566409},{"indices":[105,111],"screen_name":"KPRC2","id_str":"27583598","name":"KPRC 2 Houston","id":27583598}],"symbols":[]},"id_str":"826842155117400072","in_reply_to_user_id":null,"favorite_count":0,"id":826842155117400072,"text":"RT @KPRCBrandon: Visitors to #Hou get a warm welcome at @iah from Nimitz High School chearleeding squad. @KPRC2 #SuperBowl2017 https://t.co\u2026","place":null,"contributors":null,"lang":"en","user":{"utc_offset":-21600,"friends_count":1528,"profile_image_url_https":"https://pbs.twimg.com/profile_images/768129436067639296/nJf4pAq7_normal.jpg","listed_count":1874,"profile_background_image_url":"http://abs.twimg.com/images/themes/theme14/bg.gif","default_profile_image":false,"favourites_count":2345,"description":"NBC TV affiliate and local news station in #Houston. #BreakingNews #HoustonWeather #KPRC2 | Follow more KPRC reporters: https://t.co/JAXNTw83eB","created_at":"Mon Mar 30 04:25:49 +0000 2009","is_translator":false,"profile_background_image_url_https":"https://abs.twimg.com/images/themes/theme14/bg.gif","protected":false,"screen_name":"KPRC2","id_str":"27583598","profile_link_color":"009999","is_translation_enabled":false,"translator_type":"none","id":27583598,"geo_enabled":true,"profile_background_color":"131516","lang":"en","has_extended_profile":false,"profile_sidebar_border_color":"EEEEEE","profile_text_color":"333333","verified":true,"profile_image_url":"http://pbs.twimg.com/profile_images/768129436067639296/nJf4pAq7_normal.jpg","time_zone":"Central Time (US & Canada)","url":"http://t.co/RlxquXwsWX","contributors_enabled":false,"profile_background_tile":true,"profile_banner_url":"https://pbs.twimg.com/profile_banners/27583598/1471953984","entities":{"description":{"urls":[{"display_url":"bit.ly/1Rwg7wG","indices":[120,143],"expanded_url":"http://bit.ly/1Rwg7wG","url":"https://t.co/JAXNTw83eB"}]},"url":{"urls":[{"display_url":"click2houston.com","indices":[0,22],"expanded_url":"http://www.click2houston.com","url":"http://t.co/RlxquXwsWX"}]}},"statuses_count":126195,"follow_request_sent":false,"followers_count":435123,"profile_use_background_image":true,"default_profile":false,"following":true,"name":"KPRC 2 Houston","location":"Houston, TX","profile_sidebar_fill_color":"EFEFEF","notifications":false},"favorited":false}