{"possibly_sensitive_appealable":false,"extended_entities":{"media":[{"display_url":"pic.twitter.com/i53uaJcckS","indices":[80,103],"sizes":{"small":{"w":340,"h":191,"resize":"fit"},"large":{"w":640,"h":360,"resize":"fit"},"thumb":{"w":150,"h":150,"resize":"crop"},"medium":{"w":600,"h":338,"resize":"fit"}},"id_str":"826825908984045568","expanded_url":"https://twitter.com/RODEOHOUSTON/status/826826055969292288/photo/1","media_url_https":"https://pbs.twimg.com/tweet_video_thumb/C3l5yJQVYAAUXD-.jpg","id":826825908984045568,"type":"animated_gif","media_url":"http://pbs.twimg.com/tweet_video_thumb/C3l5yJQVYAAUXD-.jpg","url":"https://t.co/i53uaJcckS","video_info":{"aspect_ratio":[16,9],"variants":[{"content_type":"video/mp4","bitrate":0,"url":"https://video.twimg.com/tweet_video/C3l5yJQVYAAUXD-.mp4"}]}}]},"in_reply_to_status_id_str":null,"in_reply_to_status_id":null,"created_at":"Wed Feb 01 16:14:28 +0000 2017","in_reply_to_user_id_str":null,"source":"<a href=\"http://twitter.com\" rel=\"nofollow\">Twitter Web Client<\/a>","retweet_count":10,"retweeted":false,"geo":null,"in_reply_to_screen_name":null,"is_quote_status":false,"id_str":"826826055969292288","in_reply_to_user_id":null,"favorite_count":28,"id":826826055969292288,"text":"Hang on y'all, we're halfway through the week!! #WesternWednesday #RODEOHOUSTON https://t.co/i53uaJcckS","place":null,"lang":"en","favorited":false,"possibly_sensitive":false,"coordinates":null,"truncated":false,"entities":{"urls":[],"hashtags":[{"indices":[48,65],"text":"WesternWednesday"},{"indices":[66,79],"text":"RODEOHOUSTON"}],"media":[{"display_url":"pic.twitter.com/i53uaJcckS","indices":[80,103],"sizes":{"small":{"w":340,"h":191,"resize":"fit"},"large":{"w":640,"h":360,"resize":"fit"},"thumb":{"w":150,"h":150,"resize":"crop"},"medium":{"w":600,"h":338,"resize":"fit"}},"id_str":"826825908984045568","expanded_url":"https://twitter.com/RODEOHOUSTON/status/826826055969292288/photo/1","media_url_https":"https://pbs.twimg.com/tweet_video_thumb/C3l5yJQVYAAUXD-.jpg","id":826825908984045568,"type":"photo","media_url":"http://pbs.twimg.com/tweet_video_thumb/C3l5yJQVYAAUXD-.jpg","url":"https://t.co/i53uaJcckS"}],"user_mentions":[],"symbols":[]},"contributors":null,"user":{"utc_offset":-21600,"friends_count":304,"profile_image_url_https":"https://pbs.twimg.com/profile_images/585077265345589248/EdI-yiN8_normal.png","listed_count":478,"profile_background_image_url":"http://pbs.twimg.com/profile_background_images/466328833574973440/zDL9UnsL.jpeg","default_profile_image":false,"favourites_count":1897,"description":"501(c)(3) supported by 33K+ volunteers | $400M to youth since 1932 | World's largest livestock show, rodeo action & superstars in concert #RODEOHOUSTON","created_at":"Tue Sep 15 16:21:26 +0000 2009","is_translator":false,"profile_background_image_url_https":"https://pbs.twimg.com/profile_background_images/466328833574973440/zDL9UnsL.jpeg","protected":false,"screen_name":"RODEOHOUSTON","id_str":"74486139","profile_link_color":"000000","is_translation_enabled":false,"translator_type":"none","id":74486139,"geo_enabled":true,"profile_background_color":"D4FCFF","lang":"en","has_extended_profile":false,"profile_sidebar_border_color":"FFFFFF","profile_text_color":"333333","verified":true,"profile_image_url":"http://pbs.twimg.com/profile_images/585077265345589248/EdI-yiN8_normal.png","time_zone":"Central Time (US & Canada)","url":"https://t.co/PdHFjlePHv","contributors_enabled":false,"profile_background_tile":false,"profile_banner_url":"https://pbs.twimg.com/profile_banners/74486139/1484600039","entities":{"description":{"urls":[]},"url":{"urls":[{"display_url":"rodeohouston.com","indices":[0,23],"expanded_url":"http://www.rodeohouston.com","url":"https://t.co/PdHFjlePHv"}]}},"statuses_count":5126,"follow_request_sent":false,"followers_count":345700,"profile_use_background_image":false,"default_profile":false,"following":true,"name":"RODEOHOUSTON","location":"Houston, TX","profile_sidebar_fill_color":"DDEEF6","notifications":false}}