{"possibly_sensitive_appealable":false,"extended_entities":{"media":[{"display_url":"pic.twitter.com/8DXR4ng9DR","indices":[111,134],"sizes":{"small":{"w":680,"h":408,"resize":"fit"},"large":{"w":920,"h":552,"resize":"fit"},"thumb":{"w":150,"h":150,"resize":"crop"},"medium":{"w":920,"h":552,"resize":"fit"}},"id_str":"826823987346812928","expanded_url":"https://twitter.com/HoustonChron/status/826823995093872641/photo/1","media_url_https":"https://pbs.twimg.com/media/C3l4CSmUMAA3Gnj.jpg","id":826823987346812928,"type":"photo","media_url":"http://pbs.twimg.com/media/C3l4CSmUMAA3Gnj.jpg","url":"https://t.co/8DXR4ng9DR"}]},"in_reply_to_status_id_str":null,"in_reply_to_status_id":null,"created_at":"Wed Feb 01 16:06:16 +0000 2017","in_reply_to_user_id_str":null,"source":"<a href=\"http://twitter.com\" rel=\"nofollow\">Twitter Web Client<\/a>","retweet_count":0,"retweeted":false,"geo":null,"in_reply_to_screen_name":null,"is_quote_status":false,"id_str":"826823995093872641","in_reply_to_user_id":null,"favorite_count":0,"id":826823995093872641,"text":"Popular #Texas honky-tonk, Cowboys Dancehall, could avoid liquidation with new lender. https://t.co/lIPQvQW01V https://t.co/8DXR4ng9DR","place":null,"lang":"en","favorited":false,"possibly_sensitive":false,"coordinates":null,"truncated":false,"entities":{"urls":[{"display_url":"chron.com/business/local\u2026","indices":[87,110],"expanded_url":"http://www.chron.com/business/local/article/Cowboys-Dancehall-could-avoid-liquidation-with-10898380.php","url":"https://t.co/lIPQvQW01V"}],"hashtags":[{"indices":[8,14],"text":"Texas"}],"media":[{"display_url":"pic.twitter.com/8DXR4ng9DR","indices":[111,134],"sizes":{"small":{"w":680,"h":408,"resize":"fit"},"large":{"w":920,"h":552,"resize":"fit"},"thumb":{"w":150,"h":150,"resize":"crop"},"medium":{"w":920,"h":552,"resize":"fit"}},"id_str":"826823987346812928","expanded_url":"https://twitter.com/HoustonChron/status/826823995093872641/photo/1","media_url_https":"https://pbs.twimg.com/media/C3l4CSmUMAA3Gnj.jpg","id":826823987346812928,"type":"photo","media_url":"http://pbs.twimg.com/media/C3l4CSmUMAA3Gnj.jpg","url":"https://t.co/8DXR4ng9DR"}],"user_mentions":[],"symbols":[]},"contributors":null,"user":{"utc_offset":-21600,"friends_count":394,"profile_image_url_https":"https://pbs.twimg.com/profile_images/713458133969068032/xVOP_Pk-_normal.jpg","listed_count":4224,"profile_background_image_url":"http://pbs.twimg.com/profile_background_images/759795538/10e9d24cb28a5911d04d562e82ef607c.jpeg","default_profile_image":false,"favourites_count":239,"description":"News headlines and tweets from Houston Chronicle journalists.","created_at":"Mon Sep 17 22:42:49 +0000 2007","is_translator":false,"profile_background_image_url_https":"https://pbs.twimg.com/profile_background_images/759795538/10e9d24cb28a5911d04d562e82ef607c.jpeg","protected":false,"screen_name":"HoustonChron","id_str":"8940342","profile_link_color":"D17F04","is_translation_enabled":false,"translator_type":"none","id":8940342,"geo_enabled":true,"profile_background_color":"CCCCCC","lang":"en","has_extended_profile":false,"profile_sidebar_border_color":"FFFFFF","profile_text_color":"000000","verified":true,"profile_image_url":"http://pbs.twimg.com/profile_images/713458133969068032/xVOP_Pk-_normal.jpg","time_zone":"Central Time (US & Canada)","url":"http://t.co/daqwogD7TI","contributors_enabled":false,"profile_background_tile":true,"profile_banner_url":"https://pbs.twimg.com/profile_banners/8940342/1376602204","entities":{"description":{"urls":[]},"url":{"urls":[{"display_url":"chron.com","indices":[0,22],"expanded_url":"http://www.chron.com","url":"http://t.co/daqwogD7TI"}]}},"statuses_count":139629,"follow_request_sent":false,"followers_count":421742,"profile_use_background_image":true,"default_profile":false,"following":true,"name":"Houston Chronicle","location":"Houston, TX","profile_sidebar_fill_color":"F1F2E2","notifications":false}}