{"in_reply_to_status_id_str":null,"in_reply_to_status_id":null,"coordinates":null,"created_at":"Wed Feb 01 16:26:52 +0000 2017","truncated":false,"in_reply_to_user_id_str":null,"source":"<a href=\"https://roundteam.co\" rel=\"nofollow\">RoundTeam<\/a>","retweeted_status":{"possibly_sensitive_appealable":false,"in_reply_to_status_id_str":null,"in_reply_to_status_id":null,"created_at":"Wed Feb 01 16:26:12 +0000 2017","in_reply_to_user_id_str":null,"source":"<a href=\"http://twitter.com/download/iphone\" rel=\"nofollow\">Twitter for iPhone<\/a>","retweet_count":2,"retweeted":false,"geo":null,"in_reply_to_screen_name":null,"is_quote_status":false,"id_str":"826829010898403328","in_reply_to_user_id":null,"favorite_count":4,"id":826829010898403328,"text":"On the runway at Bush Airport. Almost 300 flights have been added to/from New England and Atlanta areas this weeken\u2026 https://t.co/Vf1ZO2Kmk2","place":null,"lang":"en","favorited":false,"possibly_sensitive":false,"coordinates":null,"truncated":true,"entities":{"urls":[{"display_url":"twitter.com/i/web/status/8\u2026","indices":[117,140],"expanded_url":"https://twitter.com/i/web/status/826829010898403328","url":"https://t.co/Vf1ZO2Kmk2"}],"hashtags":[],"user_mentions":[],"symbols":[]},"contributors":null,"user":{"utc_offset":-28800,"friends_count":124,"profile_image_url_https":"https://pbs.twimg.com/profile_images/679796809984819202/G04VXiCT_normal.jpg","listed_count":77,"profile_background_image_url":"http://pbs.twimg.com/profile_background_images/260880291/sketch_skyline_web.jpg","default_profile_image":false,"favourites_count":614,"description":"KHOU 11 News Reporter, Wife, Native Houstonian, USC Trojan, and animal lover. You can reach me at swhitfield@KHOU.com.","created_at":"Sun Mar 22 23:17:30 +0000 2009","is_translator":false,"profile_background_image_url_https":"https://pbs.twimg.com/profile_background_images/260880291/sketch_skyline_web.jpg","protected":false,"screen_name":"KHOUStephanie","id_str":"25903710","profile_link_color":"020308","is_translation_enabled":false,"translator_type":"none","id":25903710,"geo_enabled":false,"profile_background_color":"C2C6D1","lang":"en","has_extended_profile":true,"profile_sidebar_border_color":"596359","profile_text_color":"D6F0D6","verified":true,"profile_image_url":"http://pbs.twimg.com/profile_images/679796809984819202/G04VXiCT_normal.jpg","time_zone":"Pacific Time (US & Canada)","url":"https://t.co/OixP1QSAPJ","contributors_enabled":false,"profile_background_tile":true,"profile_banner_url":"https://pbs.twimg.com/profile_banners/25903710/1449540304","entities":{"description":{"urls":[]},"url":{"urls":[{"display_url":"khou.com","indices":[0,23],"expanded_url":"http://khou.com","url":"https://t.co/OixP1QSAPJ"}]}},"statuses_count":3605,"follow_request_sent":false,"followers_count":2434,"profile_use_background_image":true,"default_profile":false,"following":false,"name":"Stephanie Whitfield","location":"Houston, TX","profile_sidebar_fill_color":"214E85","notifications":false}},"retweet_count":2,"retweeted":false,"geo":null,"in_reply_to_screen_name":null,"is_quote_status":false,"entities":{"urls":[],"hashtags":[],"user_mentions":[{"indices":[3,17],"screen_name":"KHOUStephanie","id_str":"25903710","name":"Stephanie Whitfield","id":25903710}],"symbols":[]},"id_str":"826829177831747585","in_reply_to_user_id":null,"favorite_count":0,"id":826829177831747585,"text":"RT @KHOUStephanie: On the runway at Bush Airport. Almost 300 flights have been added to/from New England and Atlanta areas this weekend #kh\u2026","place":null,"contributors":null,"lang":"en","user":{"utc_offset":-21600,"friends_count":816,"profile_image_url_https":"https://pbs.twimg.com/profile_images/704777813581234178/KSQTTGiA_normal.jpg","listed_count":2480,"profile_background_image_url":"http://pbs.twimg.com/profile_background_images/293909663/twitter_bg_image_2.png","default_profile_image":false,"favourites_count":790,"description":"CBS TV affiliate and local news station in Houston, Texas. Send breaking news tips to newstips@khou.com.","created_at":"Sat Aug 09 18:33:49 +0000 2008","is_translator":false,"profile_background_image_url_https":"https://pbs.twimg.com/profile_background_images/293909663/twitter_bg_image_2.png","protected":false,"screen_name":"KHOU","id_str":"15791186","profile_link_color":"0065B3","is_translation_enabled":false,"translator_type":"none","id":15791186,"geo_enabled":true,"profile_background_color":"FFFFFF","lang":"en","has_extended_profile":false,"profile_sidebar_border_color":"A5B8DE","profile_text_color":"333333","verified":true,"profile_image_url":"http://pbs.twimg.com/profile_images/704777813581234178/KSQTTGiA_normal.jpg","time_zone":"Central Time (US & Canada)","url":"http://t.co/EOqynjipnF","contributors_enabled":false,"profile_background_tile":false,"profile_banner_url":"https://pbs.twimg.com/profile_banners/15791186/1485030064","entities":{"description":{"urls":[]},"url":{"urls":[{"display_url":"khou.com","indices":[0,22],"expanded_url":"http://www.khou.com","url":"http://t.co/EOqynjipnF"}]}},"statuses_count":213668,"follow_request_sent":false,"followers_count":491769,"profile_use_background_image":true,"default_profile":false,"following":true,"name":"KHOU 11 News Houston","location":"Houston, TX","profile_sidebar_fill_color":"DCEDFA","notifications":false},"favorited":false}