{"possibly_sensitive_appealable":false,"in_reply_to_status_id_str":null,"in_reply_to_status_id":null,"created_at":"Wed Feb 01 16:27:03 +0000 2017","in_reply_to_user_id_str":null,"source":"<a href=\"https://www.sprinklr.com\" rel=\"nofollow\">Sprinklr<\/a>","retweet_count":137,"retweeted":false,"geo":null,"in_reply_to_screen_name":null,"is_quote_status":false,"id_str":"826829225210544129","in_reply_to_user_id":null,"favorite_count":299,"id":826829225210544129,"text":"Space &amp; football have more in common than you think. Impress your friends during #SB51 with these #SpaceBowl facts:\u2026 https://t.co/WtRSlnpdH9","place":null,"lang":"en","favorited":false,"possibly_sensitive":false,"coordinates":null,"truncated":true,"entities":{"urls":[{"display_url":"twitter.com/i/web/status/8\u2026","indices":[121,144],"expanded_url":"https://twitter.com/i/web/status/826829225210544129","url":"https://t.co/WtRSlnpdH9"}],"hashtags":[{"indices":[85,90],"text":"SB51"},{"indices":[102,112],"text":"SpaceBowl"}],"user_mentions":[],"symbols":[]},"contributors":null,"user":{"utc_offset":-18000,"friends_count":263,"profile_image_url_https":"https://pbs.twimg.com/profile_images/188302352/nasalogo_twitter_normal.jpg","listed_count":86655,"profile_background_image_url":"http://pbs.twimg.com/profile_background_images/590922434682880000/3byPYvqe.jpg","default_profile_image":false,"favourites_count":2201,"description":"Explore the universe and discover our home planet with @NASA. We usually post in EDT (UTC-4).","created_at":"Wed Dec 19 20:20:32 +0000 2007","is_translator":false,"profile_background_image_url_https":"https://pbs.twimg.com/profile_background_images/590922434682880000/3byPYvqe.jpg","protected":false,"screen_name":"NASA","id_str":"11348282","profile_link_color":"205BA7","is_translation_enabled":false,"translator_type":"regular","id":11348282,"geo_enabled":true,"profile_background_color":"000000","lang":"en","has_extended_profile":false,"profile_sidebar_border_color":"000000","profile_text_color":"000000","verified":true,"profile_image_url":"http://pbs.twimg.com/profile_images/188302352/nasalogo_twitter_normal.jpg","time_zone":"Eastern Time (US & Canada)","url":"https://t.co/TcEE6O9Jfb","contributors_enabled":false,"profile_background_tile":false,"profile_banner_url":"https://pbs.twimg.com/profile_banners/11348282/1484923325","entities":{"description":{"urls":[]},"url":{"urls":[{"display_url":"nasa.gov","indices":[0,23],"expanded_url":"http://www.nasa.gov","url":"https://t.co/TcEE6O9Jfb"}]}},"statuses_count":45629,"follow_request_sent":false,"followers_count":21585905,"profile_use_background_image":true,"default_profile":false,"following":true,"name":"NASA","location":"","profile_sidebar_fill_color":"F3F2F2","notifications":false}}