{"possibly_sensitive_appealable":false,"in_reply_to_status_id_str":null,"in_reply_to_status_id":null,"created_at":"Wed Feb 01 17:19:01 +0000 2017","in_reply_to_user_id_str":null,"source":"<a href=\"https://www.sprinklr.com\" rel=\"nofollow\">Sprinklr<\/a>","retweet_count":71,"retweeted":false,"geo":null,"in_reply_to_screen_name":null,"is_quote_status":false,"id_str":"826842301108465664","in_reply_to_user_id":null,"favorite_count":229,"id":826842301108465664,"text":"From 250 miles above, @Space_Station astronauts joined our #SpaceBowl #NASASocial, team jerseys and all. Watch here\u2026 https://t.co/IWCEOZyYsq","place":null,"lang":"en","favorited":false,"possibly_sensitive":false,"coordinates":null,"truncated":true,"entities":{"urls":[{"display_url":"twitter.com/i/web/status/8\u2026","indices":[117,140],"expanded_url":"https://twitter.com/i/web/status/826842301108465664","url":"https://t.co/IWCEOZyYsq"}],"hashtags":[{"indices":[59,69],"text":"SpaceBowl"},{"indices":[70,81],"text":"NASASocial"}],"user_mentions":[{"indices":[22,36],"screen_name":"Space_Station","id_str":"1451773004","name":"Intl. Space Station","id":1451773004}],"symbols":[]},"contributors":null,"user":{"utc_offset":-18000,"friends_count":263,"profile_image_url_https":"https://pbs.twimg.com/profile_images/188302352/nasalogo_twitter_normal.jpg","listed_count":86574,"profile_background_image_url":"http://pbs.twimg.com/profile_background_images/590922434682880000/3byPYvqe.jpg","default_profile_image":false,"favourites_count":2201,"description":"Explore the universe and discover our home planet with @NASA. We usually post in EDT (UTC-4).","created_at":"Wed Dec 19 20:20:32 +0000 2007","is_translator":false,"profile_background_image_url_https":"https://pbs.twimg.com/profile_background_images/590922434682880000/3byPYvqe.jpg","protected":false,"screen_name":"NASA","id_str":"11348282","profile_link_color":"205BA7","is_translation_enabled":false,"translator_type":"regular","id":11348282,"geo_enabled":true,"profile_background_color":"000000","lang":"en","has_extended_profile":false,"profile_sidebar_border_color":"000000","profile_text_color":"000000","verified":true,"profile_image_url":"http://pbs.twimg.com/profile_images/188302352/nasalogo_twitter_normal.jpg","time_zone":"Eastern Time (US & Canada)","url":"https://t.co/TcEE6O9Jfb","contributors_enabled":false,"profile_background_tile":false,"profile_banner_url":"https://pbs.twimg.com/profile_banners/11348282/1484923325","entities":{"description":{"urls":[]},"url":{"urls":[{"display_url":"nasa.gov","indices":[0,23],"expanded_url":"http://www.nasa.gov","url":"https://t.co/TcEE6O9Jfb"}]}},"statuses_count":45630,"follow_request_sent":false,"followers_count":21586437,"profile_use_background_image":true,"default_profile":false,"following":true,"name":"NASA","location":"","profile_sidebar_fill_color":"F3F2F2","notifications":false}}