{"possibly_sensitive_appealable":false,"in_reply_to_status_id_str":null,"in_reply_to_status_id":null,"created_at":"Wed Feb 01 16:17:19 +0000 2017","in_reply_to_user_id_str":null,"source":"<a href=\"http://adobe.com\" rel=\"nofollow\">Adobe® Social<\/a>","retweet_count":14,"retweeted":false,"geo":null,"in_reply_to_screen_name":null,"is_quote_status":false,"id_str":"826826775715946496","in_reply_to_user_id":null,"favorite_count":29,"id":826826775715946496,"text":"Pitchers &amp; catchers report to @BPPalmBeaches in less than 2 weeks -- #AstrosST is right around the corner! Tickets: https://t.co/fnPpVyRrfD","place":null,"lang":"en","favorited":false,"possibly_sensitive":false,"coordinates":null,"truncated":false,"entities":{"urls":[{"display_url":"atmlb.com/2khdtTH","indices":[120,143],"expanded_url":"http://atmlb.com/2khdtTH","url":"https://t.co/fnPpVyRrfD"}],"hashtags":[{"indices":[73,82],"text":"AstrosST"}],"user_mentions":[{"indices":[34,48],"screen_name":"BPPalmBeaches","id_str":"705222103671373824","name":"BallparkPalmBeaches","id":705222103671373824}],"symbols":[]},"contributors":null,"user":{"utc_offset":-21600,"friends_count":598,"profile_image_url_https":"https://pbs.twimg.com/profile_images/789491844006617088/qOXzs4Kj_normal.jpg","listed_count":3685,"profile_background_image_url":"http://pbs.twimg.com/profile_background_images/559481385501462529/ic-DODTn.jpeg","default_profile_image":false,"favourites_count":7656,"description":"Official Twitter account of the Houston Astros. Customer service questions: @astrosassist. FB: Astros. IG: astrosbaseball. 👻 astrosmlb","created_at":"Wed Jul 01 18:16:16 +0000 2009","is_translator":false,"profile_background_image_url_https":"https://pbs.twimg.com/profile_background_images/559481385501462529/ic-DODTn.jpeg","protected":false,"screen_name":"astros","id_str":"52803520","profile_link_color":"FF7700","is_translation_enabled":false,"translator_type":"none","id":52803520,"geo_enabled":true,"profile_background_color":"002D62","lang":"en","has_extended_profile":false,"profile_sidebar_border_color":"FFFFFF","profile_text_color":"000000","verified":true,"profile_image_url":"http://pbs.twimg.com/profile_images/789491844006617088/qOXzs4Kj_normal.jpg","time_zone":"Central Time (US & Canada)","url":"https://t.co/fcxSSm5pLQ","contributors_enabled":false,"profile_background_tile":false,"profile_banner_url":"https://pbs.twimg.com/profile_banners/52803520/1477064500","entities":{"description":{"urls":[]},"url":{"urls":[{"display_url":"Astros.com","indices":[0,23],"expanded_url":"http://Astros.com","url":"https://t.co/fcxSSm5pLQ"}]}},"statuses_count":56567,"follow_request_sent":false,"followers_count":639248,"profile_use_background_image":true,"default_profile":false,"following":true,"name":"Houston Astros","location":"Minute Maid Park","profile_sidebar_fill_color":"EBD4AC","notifications":false}}