{"possibly_sensitive_appealable":false,"extended_entities":{"media":[{"display_url":"pic.twitter.com/cgwJsLeEwg","source_user_id":23981089,"type":"video","media_url":"http://pbs.twimg.com/ext_tw_video_thumb/826837688925851648/pu/img/prUlOwNPA_Hxp2dS.jpg","source_status_id":826837734652276736,"url":"https://t.co/cgwJsLeEwg","indices":[96,119],"sizes":{"small":{"w":340,"h":191,"resize":"fit"},"large":{"w":1024,"h":576,"resize":"fit"},"thumb":{"w":150,"h":150,"resize":"crop"},"medium":{"w":600,"h":338,"resize":"fit"}},"id_str":"826837688925851648","expanded_url":"https://twitter.com/jgalvanpress/status/826837734652276736/video/1","source_status_id_str":"826837734652276736","media_url_https":"https://pbs.twimg.com/ext_tw_video_thumb/826837688925851648/pu/img/prUlOwNPA_Hxp2dS.jpg","id":826837688925851648,"source_user_id_str":"23981089","additional_media_info":{"source_user":{"utc_offset":-21600,"friends_count":691,"profile_image_url_https":"https://pbs.twimg.com/profile_images/501917006669426688/xy75L3XT_normal.jpeg","listed_count":32,"profile_background_image_url":"http://abs.twimg.com/images/themes/theme14/bg.gif","default_profile_image":false,"favourites_count":700,"description":"Digital Content Producer at @KHOU - Husband - Proud Texan - Houston Native - Raised in San Benito","created_at":"Thu Mar 12 16:48:06 +0000 2009","is_translator":false,"profile_background_image_url_https":"https://abs.twimg.com/images/themes/theme14/bg.gif","protected":false,"screen_name":"jgalvanpress","id_str":"23981089","profile_link_color":"009999","is_translation_enabled":false,"translator_type":"none","id":23981089,"geo_enabled":false,"profile_background_color":"131516","lang":"en","has_extended_profile":false,"profile_sidebar_border_color":"EEEEEE","profile_text_color":"333333","verified":false,"profile_image_url":"http://pbs.twimg.com/profile_images/501917006669426688/xy75L3XT_normal.jpeg","time_zone":"Central Time (US & Canada)","url":"http://t.co/5ldbtZFTK7","contributors_enabled":false,"profile_background_tile":true,"profile_banner_url":"https://pbs.twimg.com/profile_banners/23981089/1447939722","entities":{"description":{"urls":[]},"url":{"urls":[{"display_url":"facebook.com/jgalvanpress","indices":[0,22],"expanded_url":"http://www.facebook.com/jgalvanpress","url":"http://t.co/5ldbtZFTK7"}]}},"statuses_count":3765,"follow_request_sent":false,"followers_count":754,"profile_use_background_image":true,"default_profile":false,"following":false,"name":"Jaime E. Galvan","location":"Houston, Texas","profile_sidebar_fill_color":"EFEFEF","notifications":false},"monetizable":false},"video_info":{"aspect_ratio":[16,9],"duration_millis":8778,"variants":[{"content_type":"application/x-mpegURL","url":"https://video.twimg.com/ext_tw_video/826837688925851648/pu/pl/-3NGVLrmMtCb1sXv.m3u8"},{"content_type":"video/mp4","bitrate":2176000,"url":"https://video.twimg.com/ext_tw_video/826837688925851648/pu/vid/1280x720/gYd--jfSUjf0xprO.mp4"},{"content_type":"video/mp4","bitrate":832000,"url":"https://video.twimg.com/ext_tw_video/826837688925851648/pu/vid/640x360/Tzg2StUfO9OIXclQ.mp4"},{"content_type":"video/mp4","bitrate":320000,"url":"https://video.twimg.com/ext_tw_video/826837688925851648/pu/vid/320x180/_9zOe6G9UzIkSUw6.mp4"},{"content_type":"application/dash+xml","url":"https://video.twimg.com/ext_tw_video/826837688925851648/pu/pl/-3NGVLrmMtCb1sXv.mpd"}]}}]},"in_reply_to_status_id_str":null,"in_reply_to_status_id":null,"created_at":"Wed Feb 01 17:04:12 +0000 2017","in_reply_to_user_id_str":null,"source":"<a href=\"http://twitter.com/download/android\" rel=\"nofollow\">Twitter for Android<\/a>","retweeted_status":{"possibly_sensitive_appealable":false,"extended_entities":{"media":[{"display_url":"pic.twitter.com/cgwJsLeEwg","indices":[78,101],"sizes":{"small":{"w":340,"h":191,"resize":"fit"},"large":{"w":1024,"h":576,"resize":"fit"},"thumb":{"w":150,"h":150,"resize":"crop"},"medium":{"w":600,"h":338,"resize":"fit"}},"id_str":"826837688925851648","expanded_url":"https://twitter.com/jgalvanpress/status/826837734652276736/video/1","media_url_https":"https://pbs.twimg.com/ext_tw_video_thumb/826837688925851648/pu/img/prUlOwNPA_Hxp2dS.jpg","id":826837688925851648,"type":"video","additional_media_info":{"monetizable":false},"media_url":"http://pbs.twimg.com/ext_tw_video_thumb/826837688925851648/pu/img/prUlOwNPA_Hxp2dS.jpg","url":"https://t.co/cgwJsLeEwg","video_info":{"aspect_ratio":[16,9],"duration_millis":8778,"variants":[{"content_type":"application/x-mpegURL","url":"https://video.twimg.com/ext_tw_video/826837688925851648/pu/pl/-3NGVLrmMtCb1sXv.m3u8"},{"content_type":"video/mp4","bitrate":2176000,"url":"https://video.twimg.com/ext_tw_video/826837688925851648/pu/vid/1280x720/gYd--jfSUjf0xprO.mp4"},{"content_type":"video/mp4","bitrate":832000,"url":"https://video.twimg.com/ext_tw_video/826837688925851648/pu/vid/640x360/Tzg2StUfO9OIXclQ.mp4"},{"content_type":"video/mp4","bitrate":320000,"url":"https://video.twimg.com/ext_tw_video/826837688925851648/pu/vid/320x180/_9zOe6G9UzIkSUw6.mp4"},{"content_type":"application/dash+xml","url":"https://video.twimg.com/ext_tw_video/826837688925851648/pu/pl/-3NGVLrmMtCb1sXv.mpd"}]}}]},"in_reply_to_status_id_str":null,"in_reply_to_status_id":null,"created_at":"Wed Feb 01 17:00:52 +0000 2017","in_reply_to_user_id_str":null,"source":"<a href=\"http://twitter.com/download/android\" rel=\"nofollow\">Twitter for Android<\/a>","retweet_count":2,"retweeted":false,"geo":null,"in_reply_to_screen_name":null,"is_quote_status":false,"id_str":"826837734652276736","in_reply_to_user_id":null,"favorite_count":2,"id":826837734652276736,"text":"The NFL Play 60 Kids showing what they got on the field. #KHOU #NFLExperience https://t.co/cgwJsLeEwg","place":null,"lang":"en","favorited":false,"possibly_sensitive":false,"coordinates":null,"truncated":false,"entities":{"urls":[],"hashtags":[{"indices":[57,62],"text":"KHOU"},{"indices":[63,77],"text":"NFLExperience"}],"media":[{"display_url":"pic.twitter.com/cgwJsLeEwg","indices":[78,101],"sizes":{"small":{"w":340,"h":191,"resize":"fit"},"large":{"w":1024,"h":576,"resize":"fit"},"thumb":{"w":150,"h":150,"resize":"crop"},"medium":{"w":600,"h":338,"resize":"fit"}},"id_str":"826837688925851648","expanded_url":"https://twitter.com/jgalvanpress/status/826837734652276736/video/1","media_url_https":"https://pbs.twimg.com/ext_tw_video_thumb/826837688925851648/pu/img/prUlOwNPA_Hxp2dS.jpg","id":826837688925851648,"type":"photo","media_url":"http://pbs.twimg.com/ext_tw_video_thumb/826837688925851648/pu/img/prUlOwNPA_Hxp2dS.jpg","url":"https://t.co/cgwJsLeEwg"}],"user_mentions":[],"symbols":[]},"contributors":null,"user":{"utc_offset":-21600,"friends_count":691,"profile_image_url_https":"https://pbs.twimg.com/profile_images/501917006669426688/xy75L3XT_normal.jpeg","listed_count":32,"profile_background_image_url":"http://abs.twimg.com/images/themes/theme14/bg.gif","default_profile_image":false,"favourites_count":700,"description":"Digital Content Producer at @KHOU - Husband - Proud Texan - Houston Native - Raised in San Benito","created_at":"Thu Mar 12 16:48:06 +0000 2009","is_translator":false,"profile_background_image_url_https":"https://abs.twimg.com/images/themes/theme14/bg.gif","protected":false,"screen_name":"jgalvanpress","id_str":"23981089","profile_link_color":"009999","is_translation_enabled":false,"translator_type":"none","id":23981089,"geo_enabled":false,"profile_background_color":"131516","lang":"en","has_extended_profile":false,"profile_sidebar_border_color":"EEEEEE","profile_text_color":"333333","verified":false,"profile_image_url":"http://pbs.twimg.com/profile_images/501917006669426688/xy75L3XT_normal.jpeg","time_zone":"Central Time (US & Canada)","url":"http://t.co/5ldbtZFTK7","contributors_enabled":false,"profile_background_tile":true,"profile_banner_url":"https://pbs.twimg.com/profile_banners/23981089/1447939722","entities":{"description":{"urls":[]},"url":{"urls":[{"display_url":"facebook.com/jgalvanpress","indices":[0,22],"expanded_url":"http://www.facebook.com/jgalvanpress","url":"http://t.co/5ldbtZFTK7"}]}},"statuses_count":3765,"follow_request_sent":false,"followers_count":754,"profile_use_background_image":true,"default_profile":false,"following":false,"name":"Jaime E. Galvan","location":"Houston, Texas","profile_sidebar_fill_color":"EFEFEF","notifications":false}},"retweet_count":2,"retweeted":false,"geo":null,"in_reply_to_screen_name":null,"is_quote_status":false,"id_str":"826838571638206466","in_reply_to_user_id":null,"favorite_count":0,"id":826838571638206466,"text":"RT @jgalvanpress: The NFL Play 60 Kids showing what they got on the field. #KHOU #NFLExperience https://t.co/cgwJsLeEwg","place":null,"lang":"en","favorited":false,"possibly_sensitive":false,"coordinates":null,"truncated":false,"entities":{"urls":[],"hashtags":[{"indices":[75,80],"text":"KHOU"},{"indices":[81,95],"text":"NFLExperience"}],"media":[{"display_url":"pic.twitter.com/cgwJsLeEwg","source_user_id":23981089,"type":"photo","media_url":"http://pbs.twimg.com/ext_tw_video_thumb/826837688925851648/pu/img/prUlOwNPA_Hxp2dS.jpg","source_status_id":826837734652276736,"url":"https://t.co/cgwJsLeEwg","indices":[96,119],"sizes":{"small":{"w":340,"h":191,"resize":"fit"},"large":{"w":1024,"h":576,"resize":"fit"},"thumb":{"w":150,"h":150,"resize":"crop"},"medium":{"w":600,"h":338,"resize":"fit"}},"id_str":"826837688925851648","expanded_url":"https://twitter.com/jgalvanpress/status/826837734652276736/video/1","source_status_id_str":"826837734652276736","media_url_https":"https://pbs.twimg.com/ext_tw_video_thumb/826837688925851648/pu/img/prUlOwNPA_Hxp2dS.jpg","id":826837688925851648,"source_user_id_str":"23981089"}],"user_mentions":[{"indices":[3,16],"screen_name":"jgalvanpress","id_str":"23981089","name":"Jaime E. Galvan","id":23981089}],"symbols":[]},"contributors":null,"user":{"utc_offset":-21600,"friends_count":816,"profile_image_url_https":"https://pbs.twimg.com/profile_images/704777813581234178/KSQTTGiA_normal.jpg","listed_count":2472,"profile_background_image_url":"http://pbs.twimg.com/profile_background_images/293909663/twitter_bg_image_2.png","default_profile_image":false,"favourites_count":790,"description":"CBS TV affiliate and local news station in Houston, Texas. Send breaking news tips to newstips@khou.com.","created_at":"Sat Aug 09 18:33:49 +0000 2008","is_translator":false,"profile_background_image_url_https":"https://pbs.twimg.com/profile_background_images/293909663/twitter_bg_image_2.png","protected":false,"screen_name":"KHOU","id_str":"15791186","profile_link_color":"0065B3","is_translation_enabled":false,"translator_type":"none","id":15791186,"geo_enabled":true,"profile_background_color":"FFFFFF","lang":"en","has_extended_profile":false,"profile_sidebar_border_color":"A5B8DE","profile_text_color":"333333","verified":true,"profile_image_url":"http://pbs.twimg.com/profile_images/704777813581234178/KSQTTGiA_normal.jpg","time_zone":"Central Time (US & Canada)","url":"http://t.co/EOqynjipnF","contributors_enabled":false,"profile_background_tile":false,"profile_banner_url":"https://pbs.twimg.com/profile_banners/15791186/1485969025","entities":{"description":{"urls":[]},"url":{"urls":[{"display_url":"khou.com","indices":[0,22],"expanded_url":"http://www.khou.com","url":"http://t.co/EOqynjipnF"}]}},"statuses_count":213676,"follow_request_sent":false,"followers_count":491781,"profile_use_background_image":true,"default_profile":false,"following":true,"name":"KHOU 11 News Houston","location":"Houston, TX","profile_sidebar_fill_color":"DCEDFA","notifications":false}}