{"possibly_sensitive_appealable":false,"in_reply_to_status_id_str":null,"in_reply_to_status_id":null,"created_at":"Wed Feb 01 16:11:15 +0000 2017","in_reply_to_user_id_str":null,"source":"<a href=\"https://roundteam.co\" rel=\"nofollow\">RoundTeam<\/a>","retweeted_status":{"possibly_sensitive_appealable":false,"quoted_status":{"possibly_sensitive_appealable":false,"in_reply_to_status_id_str":null,"in_reply_to_status_id":null,"created_at":"Wed Feb 01 12:03:19 +0000 2017","in_reply_to_user_id_str":null,"source":"<a href=\"http://twitter.com\" rel=\"nofollow\">Twitter Web Client<\/a>","retweet_count":2,"retweeted":false,"geo":null,"in_reply_to_screen_name":null,"is_quote_status":false,"id_str":"826762855831785473","in_reply_to_user_id":null,"favorite_count":8,"id":826762855831785473,"text":"He was murdered 2 weeks shy of his 19th birthday. Six years later, one question remains: Who killed Patrick Carver?\u2026 https://t.co/CkGdDGimmT","place":null,"lang":"en","favorited":false,"possibly_sensitive":false,"coordinates":null,"truncated":true,"entities":{"urls":[{"display_url":"twitter.com/i/web/status/8\u2026","indices":[117,140],"expanded_url":"https://twitter.com/i/web/status/826762855831785473","url":"https://t.co/CkGdDGimmT"}],"hashtags":[],"user_mentions":[],"symbols":[]},"contributors":null,"user":{"utc_offset":-21600,"friends_count":816,"profile_image_url_https":"https://pbs.twimg.com/profile_images/704777813581234178/KSQTTGiA_normal.jpg","listed_count":2480,"profile_background_image_url":"http://pbs.twimg.com/profile_background_images/293909663/twitter_bg_image_2.png","default_profile_image":false,"favourites_count":790,"description":"CBS TV affiliate and local news station in Houston, Texas. Send breaking news tips to newstips@khou.com.","created_at":"Sat Aug 09 18:33:49 +0000 2008","is_translator":false,"profile_background_image_url_https":"https://pbs.twimg.com/profile_background_images/293909663/twitter_bg_image_2.png","protected":false,"screen_name":"KHOU","id_str":"15791186","profile_link_color":"0065B3","is_translation_enabled":false,"translator_type":"none","id":15791186,"geo_enabled":true,"profile_background_color":"FFFFFF","lang":"en","has_extended_profile":false,"profile_sidebar_border_color":"A5B8DE","profile_text_color":"333333","verified":true,"profile_image_url":"http://pbs.twimg.com/profile_images/704777813581234178/KSQTTGiA_normal.jpg","time_zone":"Central Time (US & Canada)","url":"http://t.co/EOqynjipnF","contributors_enabled":false,"profile_background_tile":false,"profile_banner_url":"https://pbs.twimg.com/profile_banners/15791186/1485030064","entities":{"description":{"urls":[]},"url":{"urls":[{"display_url":"khou.com","indices":[0,22],"expanded_url":"http://www.khou.com","url":"http://t.co/EOqynjipnF"}]}},"statuses_count":213668,"follow_request_sent":false,"followers_count":491769,"profile_use_background_image":true,"default_profile":false,"following":true,"name":"KHOU 11 News Houston","location":"Houston, TX","profile_sidebar_fill_color":"DCEDFA","notifications":false}},"in_reply_to_status_id_str":null,"in_reply_to_status_id":null,"created_at":"Wed Feb 01 16:08:13 +0000 2017","in_reply_to_user_id_str":null,"source":"<a href=\"http://twitter.com\" rel=\"nofollow\">Twitter Web Client<\/a>","quoted_status_id":826762855831785473,"retweet_count":2,"retweeted":false,"geo":null,"in_reply_to_screen_name":null,"is_quote_status":true,"id_str":"826824484145549314","in_reply_to_user_id":null,"favorite_count":0,"id":826824484145549314,"text":"For month, #KHOU11 has worked on this fascinating murder mystery. Check it out  here --&gt;https://t.co/V79y2aS8Hy\u2026 https://t.co/IEvghbOKo1","place":null,"lang":"en","favorited":false,"possibly_sensitive":false,"coordinates":null,"truncated":true,"entities":{"urls":[{"display_url":"whokilledpatrick.com","indices":[91,114],"expanded_url":"http://www.whokilledpatrick.com","url":"https://t.co/V79y2aS8Hy"},{"display_url":"twitter.com/i/web/status/8\u2026","indices":[116,139],"expanded_url":"https://twitter.com/i/web/status/826824484145549314","url":"https://t.co/IEvghbOKo1"}],"hashtags":[{"indices":[11,18],"text":"KHOU11"}],"user_mentions":[],"symbols":[]},"quoted_status_id_str":"826762855831785473","contributors":null,"user":{"utc_offset":-21600,"friends_count":2244,"profile_image_url_https":"https://pbs.twimg.com/profile_images/812356870769934336/8bqDgzMp_normal.jpg","listed_count":204,"profile_background_image_url":"http://pbs.twimg.com/profile_background_images/340695688/twitter_bg_image_2.png","default_profile_image":false,"favourites_count":150,"description":"Scottish by birth. Texan by choice!\nConsumer Advocate Reporter @KHOU helping viewers with all sorts of problems. Facebook ➡️ https://t.co/Tl1j8Kcwqc","created_at":"Fri Jan 23 03:51:44 +0000 2009","is_translator":false,"profile_background_image_url_https":"https://pbs.twimg.com/profile_background_images/340695688/twitter_bg_image_2.png","protected":false,"screen_name":"TiffanyKHOU","id_str":"19380045","profile_link_color":"F58EA8","is_translation_enabled":false,"translator_type":"none","id":19380045,"geo_enabled":true,"profile_background_color":"BADFCD","lang":"en","has_extended_profile":false,"profile_sidebar_border_color":"F2E195","profile_text_color":"0C3E53","verified":true,"profile_image_url":"http://pbs.twimg.com/profile_images/812356870769934336/8bqDgzMp_normal.jpg","time_zone":"Central Time (US & Canada)","url":"https://t.co/VFd3ErCa0V","contributors_enabled":false,"profile_background_tile":false,"profile_banner_url":"https://pbs.twimg.com/profile_banners/19380045/1485544144","entities":{"description":{"urls":[{"display_url":"tinyurl.com/gv6f3rh","indices":[125,148],"expanded_url":"http://tinyurl.com/gv6f3rh","url":"https://t.co/Tl1j8Kcwqc"}]},"url":{"urls":[{"display_url":"khou.com","indices":[0,23],"expanded_url":"http://www.khou.com","url":"https://t.co/VFd3ErCa0V"}]}},"statuses_count":14703,"follow_request_sent":false,"followers_count":6049,"profile_use_background_image":true,"default_profile":false,"following":false,"name":"Tell Tiffany KHOU","location":"Houston, TX","profile_sidebar_fill_color":"FFF7CC","notifications":false}},"quoted_status_id":826762855831785473,"retweet_count":2,"retweeted":false,"geo":null,"in_reply_to_screen_name":null,"is_quote_status":true,"id_str":"826825247794028544","in_reply_to_user_id":null,"favorite_count":0,"id":826825247794028544,"text":"RT @TiffanyKHOU: For month, #KHOU11 has worked on this fascinating murder mystery. Check it out  here --&gt;https://t.co/V79y2aS8Hy #KHOU11 #H\u2026","place":null,"lang":"en","favorited":false,"possibly_sensitive":false,"coordinates":null,"truncated":false,"entities":{"urls":[{"display_url":"whokilledpatrick.com","indices":[108,131],"expanded_url":"http://www.whokilledpatrick.com","url":"https://t.co/V79y2aS8Hy"}],"hashtags":[{"indices":[28,35],"text":"KHOU11"},{"indices":[132,139],"text":"KHOU11"}],"user_mentions":[{"indices":[3,15],"screen_name":"TiffanyKHOU","id_str":"19380045","name":"Tell Tiffany KHOU","id":19380045}],"symbols":[]},"quoted_status_id_str":"826762855831785473","contributors":null,"user":{"utc_offset":-21600,"friends_count":816,"profile_image_url_https":"https://pbs.twimg.com/profile_images/704777813581234178/KSQTTGiA_normal.jpg","listed_count":2480,"profile_background_image_url":"http://pbs.twimg.com/profile_background_images/293909663/twitter_bg_image_2.png","default_profile_image":false,"favourites_count":790,"description":"CBS TV affiliate and local news station in Houston, Texas. Send breaking news tips to newstips@khou.com.","created_at":"Sat Aug 09 18:33:49 +0000 2008","is_translator":false,"profile_background_image_url_https":"https://pbs.twimg.com/profile_background_images/293909663/twitter_bg_image_2.png","protected":false,"screen_name":"KHOU","id_str":"15791186","profile_link_color":"0065B3","is_translation_enabled":false,"translator_type":"none","id":15791186,"geo_enabled":true,"profile_background_color":"FFFFFF","lang":"en","has_extended_profile":false,"profile_sidebar_border_color":"A5B8DE","profile_text_color":"333333","verified":true,"profile_image_url":"http://pbs.twimg.com/profile_images/704777813581234178/KSQTTGiA_normal.jpg","time_zone":"Central Time (US & Canada)","url":"http://t.co/EOqynjipnF","contributors_enabled":false,"profile_background_tile":false,"profile_banner_url":"https://pbs.twimg.com/profile_banners/15791186/1485030064","entities":{"description":{"urls":[]},"url":{"urls":[{"display_url":"khou.com","indices":[0,22],"expanded_url":"http://www.khou.com","url":"http://t.co/EOqynjipnF"}]}},"statuses_count":213668,"follow_request_sent":false,"followers_count":491769,"profile_use_background_image":true,"default_profile":false,"following":true,"name":"KHOU 11 News Houston","location":"Houston, TX","profile_sidebar_fill_color":"DCEDFA","notifications":false}}