{"possibly_sensitive_appealable":false,"in_reply_to_status_id_str":null,"in_reply_to_status_id":null,"created_at":"Wed Feb 01 17:00:00 +0000 2017","in_reply_to_user_id_str":null,"source":"<a href=\"https://www.sprinklr.com\" rel=\"nofollow\">Sprinklr<\/a>","retweet_count":5,"retweeted":false,"geo":null,"in_reply_to_screen_name":null,"is_quote_status":false,"id_str":"826837516753973251","in_reply_to_user_id":null,"favorite_count":3,"id":826837516753973251,"text":"Could a \"quarterly failure report\" be your key to marketing success in 2017? More via @CaseyCarey: https://t.co/8A7eH3Sg2Q #optimize","place":null,"lang":"en","favorited":false,"possibly_sensitive":false,"coordinates":null,"truncated":false,"entities":{"urls":[{"display_url":"goo.gl/j1WKxy","indices":[99,122],"expanded_url":"https://goo.gl/j1WKxy","url":"https://t.co/8A7eH3Sg2Q"}],"hashtags":[{"indices":[123,132],"text":"optimize"}],"user_mentions":[{"indices":[86,97],"screen_name":"caseycarey","id_str":"15258986","name":"Casey Carey","id":15258986}],"symbols":[]},"contributors":null,"user":{"utc_offset":-28800,"friends_count":404,"profile_image_url_https":"https://pbs.twimg.com/profile_images/709701025477734400/a4ia-MPO_normal.jpg","listed_count":18170,"profile_background_image_url":"http://pbs.twimg.com/profile_background_images/613228355/h49lokzksfy6ethjo1ev.png","default_profile_image":false,"favourites_count":2482,"description":"Google\u2019s analytics solutions offer powerful and integrated measurement tools for today\u2019s biggest enterprises. Learn more at https://t.co/dY9D7rRuPS","created_at":"Fri Jun 26 22:55:52 +0000 2009","is_translator":false,"profile_background_image_url_https":"https://pbs.twimg.com/profile_background_images/613228355/h49lokzksfy6ethjo1ev.png","protected":false,"screen_name":"googleanalytics","id_str":"51263711","profile_link_color":"0084B4","is_translation_enabled":false,"translator_type":"none","id":51263711,"geo_enabled":false,"profile_background_color":"DEDEDE","lang":"en","has_extended_profile":false,"profile_sidebar_border_color":"FFFFFF","profile_text_color":"333333","verified":true,"profile_image_url":"http://pbs.twimg.com/profile_images/709701025477734400/a4ia-MPO_normal.jpg","time_zone":"Pacific Time (US & Canada)","url":"http://t.co/zB0lhaggRa","contributors_enabled":false,"profile_background_tile":true,"profile_banner_url":"https://pbs.twimg.com/profile_banners/51263711/1476882203","entities":{"description":{"urls":[{"display_url":"google.com/analytics","indices":[124,147],"expanded_url":"http://google.com/analytics","url":"https://t.co/dY9D7rRuPS"}]},"url":{"urls":[{"display_url":"google.com/analytics","indices":[0,22],"expanded_url":"http://www.google.com/analytics","url":"http://t.co/zB0lhaggRa"}]}},"statuses_count":6211,"follow_request_sent":false,"followers_count":986720,"profile_use_background_image":true,"default_profile":false,"following":true,"name":"Google Analytics","location":"Most places","profile_sidebar_fill_color":"DDFFCC","notifications":false}}