{"in_reply_to_status_id_str":null,"in_reply_to_status_id":null,"coordinates":null,"created_at":"Wed Feb 01 17:04:54 +0000 2017","truncated":false,"in_reply_to_user_id_str":null,"source":"<a href=\"https://roundteam.co\" rel=\"nofollow\">RoundTeam<\/a>","retweeted_status":{"possibly_sensitive_appealable":false,"extended_entities":{"media":[{"display_url":"pic.twitter.com/Yl4pjppiYd","indices":[99,122],"sizes":{"small":{"w":680,"h":510,"resize":"fit"},"large":{"w":2048,"h":1536,"resize":"fit"},"thumb":{"w":150,"h":150,"resize":"crop"},"medium":{"w":1200,"h":900,"resize":"fit"}},"id_str":"826838121723621376","expanded_url":"https://twitter.com/MarcelinoKHOU/status/826838127612354560/photo/1","media_url_https":"https://pbs.twimg.com/media/C3mE5BQWcAAADmQ.jpg","id":826838121723621376,"type":"photo","media_url":"http://pbs.twimg.com/media/C3mE5BQWcAAADmQ.jpg","url":"https://t.co/Yl4pjppiYd"}]},"in_reply_to_status_id_str":null,"in_reply_to_status_id":null,"created_at":"Wed Feb 01 17:02:26 +0000 2017","in_reply_to_user_id_str":null,"source":"<a href=\"http://twitter.com/download/iphone\" rel=\"nofollow\">Twitter for iPhone<\/a>","retweet_count":1,"retweeted":false,"geo":null,"in_reply_to_screen_name":null,"is_quote_status":false,"id_str":"826838127612354560","in_reply_to_user_id":null,"favorite_count":8,"id":826838127612354560,"text":"Found this in my mailbox today at work. Little things like this make this job so worth it. #khou11 https://t.co/Yl4pjppiYd","place":null,"lang":"en","favorited":false,"possibly_sensitive":false,"coordinates":null,"truncated":false,"entities":{"urls":[],"hashtags":[{"indices":[91,98],"text":"khou11"}],"media":[{"display_url":"pic.twitter.com/Yl4pjppiYd","indices":[99,122],"sizes":{"small":{"w":680,"h":510,"resize":"fit"},"large":{"w":2048,"h":1536,"resize":"fit"},"thumb":{"w":150,"h":150,"resize":"crop"},"medium":{"w":1200,"h":900,"resize":"fit"}},"id_str":"826838121723621376","expanded_url":"https://twitter.com/MarcelinoKHOU/status/826838127612354560/photo/1","media_url_https":"https://pbs.twimg.com/media/C3mE5BQWcAAADmQ.jpg","id":826838121723621376,"type":"photo","media_url":"http://pbs.twimg.com/media/C3mE5BQWcAAADmQ.jpg","url":"https://t.co/Yl4pjppiYd"}],"user_mentions":[],"symbols":[]},"contributors":null,"user":{"utc_offset":-21600,"friends_count":863,"profile_image_url_https":"https://pbs.twimg.com/profile_images/573344397984583680/la7a7cPn_normal.jpeg","listed_count":83,"profile_background_image_url":"http://pbs.twimg.com/profile_background_images/436943167451983872/9okx4n3e.png","default_profile_image":false,"favourites_count":2877,"description":"Emmy award-winning reporter at KHOU 11 News, the CBS affiliate in Houston. Email me at mbenito@khou.com","created_at":"Fri Apr 03 03:41:42 +0000 2009","is_translator":false,"profile_background_image_url_https":"https://pbs.twimg.com/profile_background_images/436943167451983872/9okx4n3e.png","protected":false,"screen_name":"MarcelinoKHOU","id_str":"28494284","profile_link_color":"0084B4","is_translation_enabled":false,"translator_type":"none","id":28494284,"geo_enabled":true,"profile_background_color":"C0DEED","lang":"en","has_extended_profile":false,"profile_sidebar_border_color":"FFFFFF","profile_text_color":"333333","verified":true,"profile_image_url":"http://pbs.twimg.com/profile_images/573344397984583680/la7a7cPn_normal.jpeg","time_zone":"Central Time (US & Canada)","url":"https://t.co/swIn6AM1e2","contributors_enabled":false,"profile_background_tile":false,"profile_banner_url":"https://pbs.twimg.com/profile_banners/28494284/1393010361","entities":{"description":{"urls":[]},"url":{"urls":[{"display_url":"khou.com/story/about-us\u2026","indices":[0,23],"expanded_url":"http://www.khou.com/story/about-us/2014/02/21/marcelino-benito/11024594/","url":"https://t.co/swIn6AM1e2"}]}},"statuses_count":2830,"follow_request_sent":false,"followers_count":2084,"profile_use_background_image":true,"default_profile":false,"following":false,"name":"Marcelino Benito","location":"Houston, Texas","profile_sidebar_fill_color":"DDEEF6","notifications":false}},"retweet_count":1,"retweeted":false,"geo":null,"in_reply_to_screen_name":null,"is_quote_status":false,"entities":{"urls":[],"hashtags":[{"indices":[110,117],"text":"khou11"}],"user_mentions":[{"indices":[3,17],"screen_name":"MarcelinoKHOU","id_str":"28494284","name":"Marcelino Benito","id":28494284}],"symbols":[]},"id_str":"826838751561338880","in_reply_to_user_id":null,"favorite_count":0,"id":826838751561338880,"text":"RT @MarcelinoKHOU: Found this in my mailbox today at work. Little things like this make this job so worth it. #khou11 https://t.co/Yl4pjppi\u2026","place":null,"contributors":null,"lang":"en","user":{"utc_offset":-21600,"friends_count":816,"profile_image_url_https":"https://pbs.twimg.com/profile_images/704777813581234178/KSQTTGiA_normal.jpg","listed_count":2472,"profile_background_image_url":"http://pbs.twimg.com/profile_background_images/293909663/twitter_bg_image_2.png","default_profile_image":false,"favourites_count":790,"description":"CBS TV affiliate and local news station in Houston, Texas. Send breaking news tips to newstips@khou.com.","created_at":"Sat Aug 09 18:33:49 +0000 2008","is_translator":false,"profile_background_image_url_https":"https://pbs.twimg.com/profile_background_images/293909663/twitter_bg_image_2.png","protected":false,"screen_name":"KHOU","id_str":"15791186","profile_link_color":"0065B3","is_translation_enabled":false,"translator_type":"none","id":15791186,"geo_enabled":true,"profile_background_color":"FFFFFF","lang":"en","has_extended_profile":false,"profile_sidebar_border_color":"A5B8DE","profile_text_color":"333333","verified":true,"profile_image_url":"http://pbs.twimg.com/profile_images/704777813581234178/KSQTTGiA_normal.jpg","time_zone":"Central Time (US & Canada)","url":"http://t.co/EOqynjipnF","contributors_enabled":false,"profile_background_tile":false,"profile_banner_url":"https://pbs.twimg.com/profile_banners/15791186/1485969025","entities":{"description":{"urls":[]},"url":{"urls":[{"display_url":"khou.com","indices":[0,22],"expanded_url":"http://www.khou.com","url":"http://t.co/EOqynjipnF"}]}},"statuses_count":213676,"follow_request_sent":false,"followers_count":491781,"profile_use_background_image":true,"default_profile":false,"following":true,"name":"KHOU 11 News Houston","location":"Houston, TX","profile_sidebar_fill_color":"DCEDFA","notifications":false},"favorited":false}