{"possibly_sensitive_appealable":false,"in_reply_to_status_id_str":null,"in_reply_to_status_id":null,"created_at":"Wed Feb 01 17:00:02 +0000 2017","in_reply_to_user_id_str":null,"source":"<a href=\"https://about.twitter.com/products/tweetdeck\" rel=\"nofollow\">TweetDeck<\/a>","retweet_count":5,"retweeted":false,"geo":null,"in_reply_to_screen_name":null,"is_quote_status":false,"id_str":"826837526237163521","in_reply_to_user_id":null,"favorite_count":20,"id":826837526237163521,"text":"Register for a chance to meet a Rocket &amp; see the premiere of The Great Wall before it's in theaters! #Sweepstakes\u2026 https://t.co/2PndjBnxge","place":null,"lang":"en","favorited":false,"possibly_sensitive":false,"coordinates":null,"truncated":true,"entities":{"urls":[{"display_url":"twitter.com/i/web/status/8\u2026","indices":[119,142],"expanded_url":"https://twitter.com/i/web/status/826837526237163521","url":"https://t.co/2PndjBnxge"}],"hashtags":[{"indices":[105,117],"text":"Sweepstakes"}],"user_mentions":[],"symbols":[]},"contributors":null,"user":{"utc_offset":-21600,"friends_count":1017,"profile_image_url_https":"https://pbs.twimg.com/profile_images/821222246186295297/nlQZhlHV_normal.jpg","listed_count":5964,"profile_background_image_url":"http://pbs.twimg.com/profile_background_images/508627781006004224/sxmR0_4l.jpeg","default_profile_image":false,"favourites_count":1148,"description":"The official Twitter account of the Houston Rockets.","created_at":"Fri Jan 16 17:48:22 +0000 2009","is_translator":false,"profile_background_image_url_https":"https://pbs.twimg.com/profile_background_images/508627781006004224/sxmR0_4l.jpeg","protected":false,"screen_name":"HoustonRockets","id_str":"19077044","profile_link_color":"CC0000","is_translation_enabled":false,"translator_type":"none","id":19077044,"geo_enabled":true,"profile_background_color":"131516","lang":"en","has_extended_profile":false,"profile_sidebar_border_color":"FFFFFF","profile_text_color":"333333","verified":true,"profile_image_url":"http://pbs.twimg.com/profile_images/821222246186295297/nlQZhlHV_normal.jpg","time_zone":"America/Chicago","url":"https://t.co/ejpv5YU4tt","contributors_enabled":false,"profile_background_tile":true,"profile_banner_url":"https://pbs.twimg.com/profile_banners/19077044/1484629597","entities":{"description":{"urls":[]},"url":{"urls":[{"display_url":"rockets.com","indices":[0,23],"expanded_url":"http://www.rockets.com","url":"https://t.co/ejpv5YU4tt"}]}},"statuses_count":33542,"follow_request_sent":false,"followers_count":1423502,"profile_use_background_image":true,"default_profile":false,"following":true,"name":"Houston Rockets","location":"Houston, Texas","profile_sidebar_fill_color":"EFEFEF","notifications":false}}