{"possibly_sensitive_appealable":false,"extended_entities":{"media":[{"display_url":"pic.twitter.com/KL80mU481H","indices":[76,99],"sizes":{"small":{"w":680,"h":510,"resize":"fit"},"large":{"w":1024,"h":768,"resize":"fit"},"thumb":{"w":150,"h":150,"resize":"crop"},"medium":{"w":1024,"h":768,"resize":"fit"}},"id_str":"826837927208550402","expanded_url":"https://twitter.com/abc13houston/status/826837929372897282/photo/1","media_url_https":"https://pbs.twimg.com/media/C3mEtsoWAAI39sh.jpg","id":826837927208550402,"type":"photo","media_url":"http://pbs.twimg.com/media/C3mEtsoWAAI39sh.jpg","url":"https://t.co/KL80mU481H"}]},"in_reply_to_status_id_str":null,"in_reply_to_status_id":null,"created_at":"Wed Feb 01 17:01:38 +0000 2017","in_reply_to_user_id_str":null,"source":"<a href=\"http://twitter.com/download/iphone\" rel=\"nofollow\">Twitter for iPhone<\/a>","retweet_count":0,"retweeted":false,"geo":null,"in_reply_to_screen_name":null,"is_quote_status":false,"id_str":"826837929372897282","in_reply_to_user_id":null,"favorite_count":1,"id":826837929372897282,"text":"Hall of Famer John Randle on @espn975.  We're live on Radio Row at the GRB. https://t.co/KL80mU481H","place":null,"lang":"en","favorited":false,"possibly_sensitive":false,"coordinates":null,"truncated":false,"entities":{"urls":[],"hashtags":[],"media":[{"display_url":"pic.twitter.com/KL80mU481H","indices":[76,99],"sizes":{"small":{"w":680,"h":510,"resize":"fit"},"large":{"w":1024,"h":768,"resize":"fit"},"thumb":{"w":150,"h":150,"resize":"crop"},"medium":{"w":1024,"h":768,"resize":"fit"}},"id_str":"826837927208550402","expanded_url":"https://twitter.com/abc13houston/status/826837929372897282/photo/1","media_url_https":"https://pbs.twimg.com/media/C3mEtsoWAAI39sh.jpg","id":826837927208550402,"type":"photo","media_url":"http://pbs.twimg.com/media/C3mEtsoWAAI39sh.jpg","url":"https://t.co/KL80mU481H"}],"user_mentions":[{"indices":[29,37],"screen_name":"espn975","id_str":"23444946","name":"ESPN 97.5 Houston","id":23444946}],"symbols":[]},"contributors":null,"user":{"utc_offset":-21600,"friends_count":830,"profile_image_url_https":"https://pbs.twimg.com/profile_images/750184527146852352/a-GUE4Ob_normal.jpg","listed_count":2422,"profile_background_image_url":"http://pbs.twimg.com/profile_background_images/378800000119618470/a2dc82853a2fa9a4db69d05b863fca0b.jpeg","default_profile_image":false,"favourites_count":4880,"description":"ABC13 is Houston's news leader. Your number one source for breaking news 24 hours a day/7 days a week.","created_at":"Thu Sep 11 20:45:55 +0000 2008","is_translator":false,"profile_background_image_url_https":"https://pbs.twimg.com/profile_background_images/378800000119618470/a2dc82853a2fa9a4db69d05b863fca0b.jpeg","protected":false,"screen_name":"abc13houston","id_str":"16247383","profile_link_color":"0000FF","is_translation_enabled":false,"translator_type":"none","id":16247383,"geo_enabled":true,"profile_background_color":"000853","lang":"en","has_extended_profile":false,"profile_sidebar_border_color":"FFFFFF","profile_text_color":"000000","verified":true,"profile_image_url":"http://pbs.twimg.com/profile_images/750184527146852352/a-GUE4Ob_normal.jpg","time_zone":"Central Time (US & Canada)","url":"https://t.co/wRZIqah7T5","contributors_enabled":false,"profile_background_tile":false,"profile_banner_url":"https://pbs.twimg.com/profile_banners/16247383/1483842851","entities":{"description":{"urls":[]},"url":{"urls":[{"display_url":"abc13.com","indices":[0,23],"expanded_url":"http://www.abc13.com","url":"https://t.co/wRZIqah7T5"}]}},"statuses_count":176676,"follow_request_sent":false,"followers_count":501361,"profile_use_background_image":true,"default_profile":false,"following":true,"name":"ABC13 Houston","location":"Houston, TX","profile_sidebar_fill_color":"E0E0E0","notifications":false}}