{"possibly_sensitive_appealable":false,"extended_entities":{"media":[{"display_url":"pic.twitter.com/KOjQnoYGct","indices":[100,123],"sizes":{"small":{"w":680,"h":381,"resize":"fit"},"large":{"w":761,"h":426,"resize":"fit"},"thumb":{"w":150,"h":150,"resize":"crop"},"medium":{"w":761,"h":426,"resize":"fit"}},"id_str":"826842942509875200","expanded_url":"https://twitter.com/KPRC2/status/826842952450326528/photo/1","media_url_https":"https://pbs.twimg.com/media/C3mJRoFXAAA6BXj.jpg","id":826842942509875200,"type":"photo","media_url":"http://pbs.twimg.com/media/C3mJRoFXAAA6BXj.jpg","url":"https://t.co/KOjQnoYGct"}]},"in_reply_to_status_id_str":null,"in_reply_to_status_id":null,"created_at":"Wed Feb 01 17:21:36 +0000 2017","in_reply_to_user_id_str":null,"source":"<a href=\"http://www.socialnewsdesk.com\" rel=\"nofollow\">SocialNewsDesk<\/a>","retweet_count":0,"retweeted":false,"geo":null,"in_reply_to_screen_name":null,"is_quote_status":false,"id_str":"826842952450326528","in_reply_to_user_id":null,"favorite_count":0,"id":826842952450326528,"text":"#BREAKING Senate committee advances Jeff Sessions for attorney general &gt; https://t.co/Rx21czkqPw https://t.co/KOjQnoYGct","place":null,"lang":"en","favorited":false,"possibly_sensitive":false,"coordinates":null,"truncated":false,"entities":{"urls":[{"display_url":"click2houston.com/news/politics/\u2026","indices":[76,99],"expanded_url":"http://www.click2houston.com/news/politics/senate-committee-advances-jeff-sessions-for-attorney-general_","url":"https://t.co/Rx21czkqPw"}],"hashtags":[{"indices":[0,9],"text":"BREAKING"}],"media":[{"display_url":"pic.twitter.com/KOjQnoYGct","indices":[100,123],"sizes":{"small":{"w":680,"h":381,"resize":"fit"},"large":{"w":761,"h":426,"resize":"fit"},"thumb":{"w":150,"h":150,"resize":"crop"},"medium":{"w":761,"h":426,"resize":"fit"}},"id_str":"826842942509875200","expanded_url":"https://twitter.com/KPRC2/status/826842952450326528/photo/1","media_url_https":"https://pbs.twimg.com/media/C3mJRoFXAAA6BXj.jpg","id":826842942509875200,"type":"photo","media_url":"http://pbs.twimg.com/media/C3mJRoFXAAA6BXj.jpg","url":"https://t.co/KOjQnoYGct"}],"user_mentions":[],"symbols":[]},"contributors":null,"user":{"utc_offset":-21600,"friends_count":1528,"profile_image_url_https":"https://pbs.twimg.com/profile_images/768129436067639296/nJf4pAq7_normal.jpg","listed_count":1874,"profile_background_image_url":"http://abs.twimg.com/images/themes/theme14/bg.gif","default_profile_image":false,"favourites_count":2345,"description":"NBC TV affiliate and local news station in #Houston. #BreakingNews #HoustonWeather #KPRC2 | Follow more KPRC reporters: https://t.co/JAXNTw83eB","created_at":"Mon Mar 30 04:25:49 +0000 2009","is_translator":false,"profile_background_image_url_https":"https://abs.twimg.com/images/themes/theme14/bg.gif","protected":false,"screen_name":"KPRC2","id_str":"27583598","profile_link_color":"009999","is_translation_enabled":false,"translator_type":"none","id":27583598,"geo_enabled":true,"profile_background_color":"131516","lang":"en","has_extended_profile":false,"profile_sidebar_border_color":"EEEEEE","profile_text_color":"333333","verified":true,"profile_image_url":"http://pbs.twimg.com/profile_images/768129436067639296/nJf4pAq7_normal.jpg","time_zone":"Central Time (US & Canada)","url":"http://t.co/RlxquXwsWX","contributors_enabled":false,"profile_background_tile":true,"profile_banner_url":"https://pbs.twimg.com/profile_banners/27583598/1471953984","entities":{"description":{"urls":[{"display_url":"bit.ly/1Rwg7wG","indices":[120,143],"expanded_url":"http://bit.ly/1Rwg7wG","url":"https://t.co/JAXNTw83eB"}]},"url":{"urls":[{"display_url":"click2houston.com","indices":[0,22],"expanded_url":"http://www.click2houston.com","url":"http://t.co/RlxquXwsWX"}]}},"statuses_count":126195,"follow_request_sent":false,"followers_count":435123,"profile_use_background_image":true,"default_profile":false,"following":true,"name":"KPRC 2 Houston","location":"Houston, TX","profile_sidebar_fill_color":"EFEFEF","notifications":false}}