{"possibly_sensitive_appealable":false,"extended_entities":{"media":[{"display_url":"pic.twitter.com/ambqEuhNV1","source_user_id":16811358,"type":"photo","media_url":"http://pbs.twimg.com/media/C3mDeWNUEAAJuE7.jpg","source_status_id":826836585735929856,"url":"https://t.co/ambqEuhNV1","indices":[108,131],"sizes":{"small":{"w":680,"h":510,"resize":"fit"},"large":{"w":2048,"h":1536,"resize":"fit"},"thumb":{"w":150,"h":150,"resize":"crop"},"medium":{"w":1200,"h":900,"resize":"fit"}},"id_str":"826836563979931648","expanded_url":"https://twitter.com/Sophia_beau/status/826836585735929856/photo/1","source_status_id_str":"826836585735929856","media_url_https":"https://pbs.twimg.com/media/C3mDeWNUEAAJuE7.jpg","id":826836563979931648,"source_user_id_str":"16811358"}]},"in_reply_to_status_id_str":null,"in_reply_to_status_id":null,"created_at":"Wed Feb 01 17:18:20 +0000 2017","in_reply_to_user_id_str":null,"source":"<a href=\"http://twitter.com\" rel=\"nofollow\">Twitter Web Client<\/a>","retweeted_status":{"possibly_sensitive_appealable":false,"extended_entities":{"media":[{"display_url":"pic.twitter.com/ambqEuhNV1","indices":[91,114],"sizes":{"small":{"w":680,"h":510,"resize":"fit"},"large":{"w":2048,"h":1536,"resize":"fit"},"thumb":{"w":150,"h":150,"resize":"crop"},"medium":{"w":1200,"h":900,"resize":"fit"}},"id_str":"826836563979931648","expanded_url":"https://twitter.com/Sophia_beau/status/826836585735929856/photo/1","media_url_https":"https://pbs.twimg.com/media/C3mDeWNUEAAJuE7.jpg","id":826836563979931648,"type":"photo","media_url":"http://pbs.twimg.com/media/C3mDeWNUEAAJuE7.jpg","url":"https://t.co/ambqEuhNV1"}]},"in_reply_to_status_id_str":null,"in_reply_to_status_id":null,"created_at":"Wed Feb 01 16:56:18 +0000 2017","in_reply_to_user_id_str":null,"source":"<a href=\"http://twitter.com/download/android\" rel=\"nofollow\">Twitter for Android<\/a>","retweet_count":1,"retweeted":false,"geo":null,"in_reply_to_screen_name":null,"is_quote_status":false,"id_str":"826836585735929856","in_reply_to_user_id":null,"favorite_count":2,"id":826836585735929856,"text":"Crews are hustling to finish Midtown Park in time for #SuperBowl events on Saturday @KPRC2 https://t.co/ambqEuhNV1","place":null,"lang":"en","favorited":false,"possibly_sensitive":false,"coordinates":null,"truncated":false,"entities":{"urls":[],"hashtags":[{"indices":[54,64],"text":"SuperBowl"}],"media":[{"display_url":"pic.twitter.com/ambqEuhNV1","indices":[91,114],"sizes":{"small":{"w":680,"h":510,"resize":"fit"},"large":{"w":2048,"h":1536,"resize":"fit"},"thumb":{"w":150,"h":150,"resize":"crop"},"medium":{"w":1200,"h":900,"resize":"fit"}},"id_str":"826836563979931648","expanded_url":"https://twitter.com/Sophia_beau/status/826836585735929856/photo/1","media_url_https":"https://pbs.twimg.com/media/C3mDeWNUEAAJuE7.jpg","id":826836563979931648,"type":"photo","media_url":"http://pbs.twimg.com/media/C3mDeWNUEAAJuE7.jpg","url":"https://t.co/ambqEuhNV1"}],"user_mentions":[{"indices":[84,90],"screen_name":"KPRC2","id_str":"27583598","name":"KPRC 2 Houston","id":27583598}],"symbols":[]},"contributors":null,"user":{"utc_offset":-25200,"friends_count":1503,"profile_image_url_https":"https://pbs.twimg.com/profile_images/2155020045/SophiaB_WCIA_normal.jpg","listed_count":116,"profile_background_image_url":"http://pbs.twimg.com/profile_background_images/431785822266744832/Dz24qnWN.jpeg","default_profile_image":false,"favourites_count":1971,"description":"@KPRC2 freelance reporter, Texan, Mizzou Tiger, Cinco Ranch HS alum & lover of life! I enjoy telling your story & giving back. sbeausoleil@kprc.com","created_at":"Thu Oct 16 18:30:37 +0000 2008","is_translator":false,"profile_background_image_url_https":"https://pbs.twimg.com/profile_background_images/431785822266744832/Dz24qnWN.jpeg","protected":false,"screen_name":"Sophia_beau","id_str":"16811358","profile_link_color":"D02B55","is_translation_enabled":false,"translator_type":"none","id":16811358,"geo_enabled":true,"profile_background_color":"2E2EB0","lang":"en","has_extended_profile":false,"profile_sidebar_border_color":"000000","profile_text_color":"3E4415","verified":false,"profile_image_url":"http://pbs.twimg.com/profile_images/2155020045/SophiaB_WCIA_normal.jpg","time_zone":"Mountain Time (US & Canada)","url":null,"contributors_enabled":false,"profile_background_tile":false,"profile_banner_url":"https://pbs.twimg.com/profile_banners/16811358/1426653969","entities":{"description":{"urls":[]}},"statuses_count":8965,"follow_request_sent":false,"followers_count":2256,"profile_use_background_image":true,"default_profile":false,"following":false,"name":"Sophia Beausoleil","location":"Houston, TX","profile_sidebar_fill_color":"99CC33","notifications":false}},"retweet_count":1,"retweeted":false,"geo":null,"in_reply_to_screen_name":null,"is_quote_status":false,"id_str":"826842129292988416","in_reply_to_user_id":null,"favorite_count":0,"id":826842129292988416,"text":"RT @Sophia_beau: Crews are hustling to finish Midtown Park in time for #SuperBowl events on Saturday @KPRC2 https://t.co/ambqEuhNV1","place":null,"lang":"en","favorited":false,"possibly_sensitive":false,"coordinates":null,"truncated":false,"entities":{"urls":[],"hashtags":[{"indices":[71,81],"text":"SuperBowl"}],"media":[{"display_url":"pic.twitter.com/ambqEuhNV1","source_user_id":16811358,"type":"photo","media_url":"http://pbs.twimg.com/media/C3mDeWNUEAAJuE7.jpg","source_status_id":826836585735929856,"url":"https://t.co/ambqEuhNV1","indices":[108,131],"sizes":{"small":{"w":680,"h":510,"resize":"fit"},"large":{"w":2048,"h":1536,"resize":"fit"},"thumb":{"w":150,"h":150,"resize":"crop"},"medium":{"w":1200,"h":900,"resize":"fit"}},"id_str":"826836563979931648","expanded_url":"https://twitter.com/Sophia_beau/status/826836585735929856/photo/1","source_status_id_str":"826836585735929856","media_url_https":"https://pbs.twimg.com/media/C3mDeWNUEAAJuE7.jpg","id":826836563979931648,"source_user_id_str":"16811358"}],"user_mentions":[{"indices":[3,15],"screen_name":"Sophia_beau","id_str":"16811358","name":"Sophia Beausoleil","id":16811358},{"indices":[101,107],"screen_name":"KPRC2","id_str":"27583598","name":"KPRC 2 Houston","id":27583598}],"symbols":[]},"contributors":null,"user":{"utc_offset":-21600,"friends_count":1528,"profile_image_url_https":"https://pbs.twimg.com/profile_images/768129436067639296/nJf4pAq7_normal.jpg","listed_count":1874,"profile_background_image_url":"http://abs.twimg.com/images/themes/theme14/bg.gif","default_profile_image":false,"favourites_count":2345,"description":"NBC TV affiliate and local news station in #Houston. #BreakingNews #HoustonWeather #KPRC2 | Follow more KPRC reporters: https://t.co/JAXNTw83eB","created_at":"Mon Mar 30 04:25:49 +0000 2009","is_translator":false,"profile_background_image_url_https":"https://abs.twimg.com/images/themes/theme14/bg.gif","protected":false,"screen_name":"KPRC2","id_str":"27583598","profile_link_color":"009999","is_translation_enabled":false,"translator_type":"none","id":27583598,"geo_enabled":true,"profile_background_color":"131516","lang":"en","has_extended_profile":false,"profile_sidebar_border_color":"EEEEEE","profile_text_color":"333333","verified":true,"profile_image_url":"http://pbs.twimg.com/profile_images/768129436067639296/nJf4pAq7_normal.jpg","time_zone":"Central Time (US & Canada)","url":"http://t.co/RlxquXwsWX","contributors_enabled":false,"profile_background_tile":true,"profile_banner_url":"https://pbs.twimg.com/profile_banners/27583598/1471953984","entities":{"description":{"urls":[{"display_url":"bit.ly/1Rwg7wG","indices":[120,143],"expanded_url":"http://bit.ly/1Rwg7wG","url":"https://t.co/JAXNTw83eB"}]},"url":{"urls":[{"display_url":"click2houston.com","indices":[0,22],"expanded_url":"http://www.click2houston.com","url":"http://t.co/RlxquXwsWX"}]}},"statuses_count":126195,"follow_request_sent":false,"followers_count":435123,"profile_use_background_image":true,"default_profile":false,"following":true,"name":"KPRC 2 Houston","location":"Houston, TX","profile_sidebar_fill_color":"EFEFEF","notifications":false}}