{"possibly_sensitive_appealable":false,"in_reply_to_status_id_str":null,"in_reply_to_status_id":null,"created_at":"Wed Feb 01 17:10:17 +0000 2017","in_reply_to_user_id_str":null,"source":"<a href=\"http://www.hootsuite.com\" rel=\"nofollow\">Hootsuite<\/a>","retweet_count":5,"retweeted":false,"geo":null,"in_reply_to_screen_name":null,"is_quote_status":false,"id_str":"826840106057289728","in_reply_to_user_id":null,"favorite_count":6,"id":826840106057289728,"text":"Super Bowl in Houston: 5 things to know Wednesday - the Puppy Bowl Experience starts today! https://t.co/qd1FMvPHMB\u2026 https://t.co/DKXvcpsetR","place":null,"lang":"en","favorited":false,"possibly_sensitive":false,"coordinates":null,"truncated":true,"entities":{"urls":[{"display_url":"on.khou.com/2kQIEbM","indices":[92,115],"expanded_url":"http://on.khou.com/2kQIEbM","url":"https://t.co/qd1FMvPHMB"},{"display_url":"twitter.com/i/web/status/8\u2026","indices":[117,140],"expanded_url":"https://twitter.com/i/web/status/826840106057289728","url":"https://t.co/DKXvcpsetR"}],"hashtags":[],"user_mentions":[],"symbols":[]},"contributors":null,"user":{"utc_offset":-21600,"friends_count":816,"profile_image_url_https":"https://pbs.twimg.com/profile_images/704777813581234178/KSQTTGiA_normal.jpg","listed_count":2472,"profile_background_image_url":"http://pbs.twimg.com/profile_background_images/293909663/twitter_bg_image_2.png","default_profile_image":false,"favourites_count":790,"description":"CBS TV affiliate and local news station in Houston, Texas. Send breaking news tips to newstips@khou.com.","created_at":"Sat Aug 09 18:33:49 +0000 2008","is_translator":false,"profile_background_image_url_https":"https://pbs.twimg.com/profile_background_images/293909663/twitter_bg_image_2.png","protected":false,"screen_name":"KHOU","id_str":"15791186","profile_link_color":"0065B3","is_translation_enabled":false,"translator_type":"none","id":15791186,"geo_enabled":true,"profile_background_color":"FFFFFF","lang":"en","has_extended_profile":false,"profile_sidebar_border_color":"A5B8DE","profile_text_color":"333333","verified":true,"profile_image_url":"http://pbs.twimg.com/profile_images/704777813581234178/KSQTTGiA_normal.jpg","time_zone":"Central Time (US & Canada)","url":"http://t.co/EOqynjipnF","contributors_enabled":false,"profile_background_tile":false,"profile_banner_url":"https://pbs.twimg.com/profile_banners/15791186/1485969025","entities":{"description":{"urls":[]},"url":{"urls":[{"display_url":"khou.com","indices":[0,22],"expanded_url":"http://www.khou.com","url":"http://t.co/EOqynjipnF"}]}},"statuses_count":213676,"follow_request_sent":false,"followers_count":491781,"profile_use_background_image":true,"default_profile":false,"following":true,"name":"KHOU 11 News Houston","location":"Houston, TX","profile_sidebar_fill_color":"DCEDFA","notifications":false}}